,group_1918,group_108,group_966,group_1866,ptlG,group_625,group_1710,group_2110,group_1856,group_1512,tbpB_2,group_2005,group_1737,group_606,group_451,group_144,group_636,group_829,group_1125,group_1259,dnaC_1,group_1676,group_490,group_2443,group_454,group_478,group_2315,group_61,group_2033,group_984,group_2538,group_1494,group_90,group_926,group_2004,group_2011,group_2537,group_1608,group_2099,pilY1_2,group_1533,group_33,group_619,group_2104,group_4114,group_1606,group_2316,pilE_4,group_20,group_53,group_970,group_2539,group_2532,group_1163,group_556,group_2383,group_887,group_2414,group_181,group_1528
2855,0,1,0,0,0,0,0,1,0,0,1,0,0,1,0,1,0,0,1,0,1,0,0,0,0,0,1,0,1,0,0,0,0,0,0,1,0,0,0,0,0,0,0,1,1,0,1,1,0,0,0,0,0,1,1,1,0,1,1,0
13685,1,1,0,1,0,0,1,1,1,0,1,1,1,0,0,1,0,1,1,1,1,0,0,0,0,0,0,0,1,0,0,0,0,0,1,1,0,0,1,0,0,0,0,1,1,0,0,0,0,1,0,0,0,1,1,0,1,0,0,0
27228,1,1,0,1,0,0,1,1,1,0,1,0,1,1,0,1,0,1,1,0,1,0,0,0,1,0,1,0,1,0,0,0,0,0,0,1,0,0,0,1,0,1,0,1,1,0,1,0,0,1,0,0,0,1,1,1,1,0,1,0
31457,1,1,0,1,0,0,0,0,1,0,1,0,1,0,0,1,0,1,1,1,1,0,0,1,0,0,0,0,1,0,0,1,0,0,0,1,0,0,0,1,0,1,1,1,1,0,0,1,0,1,0,0,0,1,1,1,0,1,1,0
31458,1,1,0,1,0,0,1,1,1,0,0,0,0,0,0,1,0,1,1,1,1,0,0,0,0,0,0,1,0,0,0,0,0,0,0,1,0,0,0,1,0,1,0,1,1,0,0,0,0,1,0,0,0,1,1,0,1,0,1,0
31459,1,1,0,1,0,0,1,1,1,0,0,0,0,0,1,1,0,1,1,0,1,0,0,0,0,0,0,1,1,0,0,0,0,0,0,1,0,0,1,0,0,0,0,1,1,0,0,0,0,1,0,0,0,1,1,0,1,0,1,0
31460,1,1,0,0,0,0,1,1,0,0,0,0,0,0,1,1,0,1,1,1,1,0,0,0,1,0,0,1,1,0,0,0,0,0,0,1,0,0,0,1,0,1,0,1,1,0,0,0,0,1,0,0,0,1,1,0,1,0,1,0
31461,1,1,0,0,1,1,0,1,0,1,1,0,1,1,0,1,0,1,0,1,1,0,0,0,0,0,0,1,0,0,0,0,0,0,0,1,0,0,0,1,0,1,1,1,1,0,0,0,1,0,0,0,0,1,1,1,0,0,1,0
31462,1,1,0,1,0,0,1,0,1,0,0,0,0,0,0,1,0,1,1,0,1,0,0,0,0,0,0,1,1,0,0,0,0,0,0,1,0,0,0,1,0,1,0,1,1,0,0,1,0,1,0,0,0,1,1,0,1,0,1,0
31463,0,1,0,1,0,0,0,0,1,0,1,0,1,0,0,1,0,1,1,1,1,0,0,1,0,0,0,0,1,0,0,1,0,0,0,1,0,0,0,0,0,1,1,1,1,0,0,0,1,0,0,0,0,1,1,1,0,1,1,0
31464,1,1,0,0,1,1,0,1,0,1,0,0,1,1,0,1,1,1,0,1,1,0,0,1,0,0,0,0,0,0,0,0,0,0,0,0,0,0,1,0,0,1,0,1,1,0,0,0,0,1,0,0,0,1,1,1,0,0,1,0
31465,1,1,0,1,1,0,0,1,1,1,0,1,0,0,0,1,1,0,0,1,1,0,0,0,1,0,0,0,1,0,0,1,0,0,1,0,0,0,0,1,0,1,1,0,1,0,0,0,0,0,0,0,0,0,1,1,0,1,0,1
31466,1,1,0,1,0,0,1,1,1,0,1,1,0,0,0,1,0,1,1,1,1,0,0,0,0,0,0,1,1,0,0,0,0,0,1,1,0,0,0,1,1,1,0,1,1,0,0,0,0,1,0,0,0,1,1,0,1,0,0,0
31467,0,0,0,1,0,0,1,0,1,0,0,0,0,1,0,0,0,0,1,0,0,0,0,0,0,0,1,1,1,0,0,0,0,0,1,0,0,0,0,1,0,1,1,1,1,0,1,1,0,0,0,0,0,0,1,1,0,1,0,1
31468,1,1,0,0,1,0,1,1,0,1,0,0,0,0,0,1,0,1,1,1,1,0,0,0,0,1,0,0,1,0,0,0,0,0,0,0,0,0,0,0,0,1,0,1,1,0,0,1,1,1,0,0,1,1,1,0,0,0,1,0
31469,0,1,0,1,1,0,0,1,1,1,0,1,0,1,0,1,0,1,0,1,1,0,0,1,0,0,1,0,0,0,1,0,0,0,1,1,1,0,0,0,0,1,1,1,1,0,1,0,0,1,0,1,1,0,1,1,0,0,0,0
31470,0,1,0,1,1,0,0,1,1,1,0,0,0,1,1,1,0,1,0,1,1,0,0,1,0,0,1,0,0,0,0,0,0,0,1,1,0,0,0,0,0,1,1,1,1,0,1,1,0,1,0,0,1,0,1,1,0,0,0,0
31471,1,1,0,1,1,0,0,1,1,1,0,0,0,1,0,1,0,1,1,1,1,0,0,0,0,0,1,1,1,0,1,0,0,0,0,1,1,0,0,0,0,1,0,1,1,0,1,0,0,1,0,1,0,1,1,1,1,0,1,1
31472,1,1,0,1,1,0,0,0,1,1,0,0,0,1,1,1,0,0,1,0,1,0,0,0,0,0,1,1,1,0,0,0,0,0,0,1,0,0,0,0,0,1,1,1,1,0,1,0,0,1,0,0,0,1,1,1,0,0,1,0
31473,1,1,0,1,0,0,1,1,1,0,1,1,0,0,0,1,0,1,1,1,1,0,0,0,0,0,0,1,1,0,0,0,0,0,1,1,0,0,0,1,0,1,0,1,1,0,0,1,0,1,0,0,0,1,1,0,1,0,0,0
31474,1,1,0,1,0,0,1,0,1,0,1,1,0,0,0,1,0,1,1,1,1,0,0,0,0,0,0,0,1,0,0,0,0,0,1,1,0,0,0,1,0,1,0,1,1,0,0,1,0,1,0,0,0,1,1,0,1,0,0,0
31475,0,1,0,1,0,0,1,1,1,0,1,0,0,0,0,1,0,1,1,1,1,0,0,0,0,0,0,0,1,0,0,0,0,0,1,1,0,0,0,0,0,1,0,1,1,0,0,1,0,1,0,0,0,1,1,0,1,0,0,0
31476,0,1,0,1,0,0,0,0,1,0,0,0,0,1,0,1,1,1,0,0,1,0,0,0,0,0,1,0,0,0,0,0,0,0,1,0,0,0,0,0,0,1,0,1,1,0,1,0,0,0,0,0,0,0,1,1,0,1,0,1
31477,0,1,0,1,0,0,1,1,1,0,0,0,0,1,1,1,0,1,1,1,1,0,0,0,1,0,0,0,1,0,0,0,0,0,0,1,0,0,0,1,0,0,0,1,1,0,0,1,0,1,0,0,0,1,1,0,1,0,1,0
31478,0,1,0,1,0,1,0,0,1,0,0,0,1,1,0,1,0,1,1,1,1,0,0,0,0,0,0,0,1,0,0,0,0,1,0,1,0,0,0,1,0,1,1,1,1,0,0,0,0,0,0,0,0,1,1,1,0,1,1,0
31479,0,1,0,1,0,0,0,0,1,0,1,1,1,0,1,1,0,0,1,0,1,0,0,0,0,0,1,0,0,0,0,1,0,1,1,0,0,0,0,0,0,1,1,0,1,0,1,0,0,1,0,0,1,1,1,1,0,0,0,0
31480,0,1,0,0,1,1,0,0,0,1,1,0,1,1,0,1,0,0,0,1,1,0,0,0,0,0,0,0,0,0,1,0,0,1,0,1,1,0,0,1,0,1,1,1,1,0,0,0,0,1,0,1,1,1,1,1,0,0,1,0
31481,0,1,0,0,0,0,1,1,0,0,0,0,0,0,1,1,0,1,1,1,1,0,0,0,1,0,0,0,1,0,0,0,0,0,0,1,0,0,0,1,0,1,0,1,1,0,0,1,0,1,0,0,0,1,1,0,1,0,1,0
31482,1,1,0,1,0,0,0,1,1,0,0,0,0,0,0,1,0,1,1,1,1,0,0,0,0,0,1,1,1,0,0,1,0,0,0,1,0,0,0,0,0,1,0,1,1,0,1,0,0,1,0,0,0,1,1,0,1,0,1,1
31483,1,1,0,1,1,0,0,0,1,1,0,0,0,0,0,1,0,1,1,0,1,0,0,0,0,0,1,0,1,0,1,0,1,0,0,1,1,0,0,1,0,1,1,0,1,0,1,1,0,0,0,1,0,1,1,1,0,1,1,0
31484,0,1,0,1,0,0,0,0,1,0,1,1,0,1,1,1,0,1,1,1,1,0,0,0,0,0,0,1,1,0,0,0,0,0,1,1,0,0,0,1,0,1,0,1,1,0,0,0,1,1,0,0,0,1,1,0,1,0,0,0
31485,1,1,0,1,0,0,1,1,1,0,1,1,0,0,0,1,0,1,1,1,1,0,0,0,0,0,0,1,1,0,0,0,0,0,1,1,0,0,1,1,0,1,0,1,1,0,0,1,0,1,0,0,0,1,1,0,1,0,0,0
31486,1,1,0,1,0,0,1,0,1,0,1,1,0,0,0,1,0,1,1,1,1,0,0,0,0,0,0,0,1,0,0,0,0,0,1,1,0,0,0,0,0,1,0,1,1,0,0,1,0,1,0,0,0,1,1,0,1,0,0,0
31487,1,1,0,1,1,0,0,0,1,1,0,1,0,1,0,1,1,1,0,1,1,0,0,0,0,0,0,0,1,0,1,0,0,0,1,0,1,0,0,0,0,1,0,1,1,0,0,0,1,0,0,1,0,0,1,1,0,1,0,1
31488,0,1,0,1,0,0,1,1,1,0,1,0,0,0,0,1,0,1,1,1,1,0,0,0,0,0,0,1,1,0,0,0,0,0,1,1,0,0,0,0,0,1,0,1,1,0,0,0,0,1,0,0,0,1,1,0,1,0,0,0
31489,0,1,0,1,1,1,0,1,1,1,0,0,0,0,0,1,0,1,1,0,1,0,0,1,0,0,0,0,1,0,0,1,0,0,0,0,0,0,0,1,0,1,1,1,1,0,0,0,1,0,0,0,0,0,1,1,0,1,1,1
31490,1,1,0,1,0,0,0,1,1,0,1,0,1,0,0,1,0,1,1,1,1,0,0,1,0,0,0,0,1,0,0,1,0,0,0,1,0,0,0,1,0,1,1,1,1,0,0,1,1,0,0,0,0,1,1,1,0,1,1,0
31491,1,1,0,1,1,1,1,1,1,1,0,0,1,1,0,1,0,0,0,1,1,0,0,1,0,0,0,0,1,0,1,0,0,1,0,1,1,0,1,1,0,1,1,1,1,0,0,0,0,1,0,1,0,1,1,1,0,0,1,0
31492,1,1,0,0,1,0,1,0,0,1,0,0,0,0,0,1,0,1,1,1,1,0,0,0,0,1,0,1,0,0,0,0,0,0,0,0,0,0,0,0,0,1,0,1,1,0,0,1,1,1,0,0,1,1,1,0,0,0,1,0
31493,0,0,0,1,1,0,1,0,1,1,0,1,0,0,0,0,0,0,1,0,0,0,0,0,0,0,1,0,0,0,0,1,0,0,1,0,0,0,0,0,0,1,1,1,1,0,1,0,0,0,0,0,0,0,1,1,0,1,0,1
31494,1,1,0,1,0,0,1,1,1,0,0,0,0,0,0,1,0,1,1,0,1,0,0,0,0,0,0,1,1,0,0,0,0,0,0,1,0,0,1,1,0,1,0,1,1,0,0,0,0,1,0,0,0,1,1,0,1,0,1,0
31495,1,1,0,1,0,0,1,1,1,0,0,0,0,0,0,1,0,1,1,0,1,0,0,0,0,0,0,1,1,0,0,0,0,0,0,1,0,0,1,1,0,1,0,1,1,0,0,0,0,1,0,0,0,1,1,0,1,0,1,0
31496,0,1,0,1,1,0,1,1,1,1,1,0,0,0,1,1,0,1,1,1,1,0,0,0,0,0,0,1,1,0,0,0,0,0,0,1,0,0,0,0,0,1,0,1,1,0,0,0,0,1,0,0,0,1,1,0,1,0,1,0
31497,1,1,1,0,1,1,0,1,0,1,0,0,1,1,0,1,0,0,0,1,1,0,0,1,0,1,0,1,1,0,1,0,0,0,0,1,1,0,0,1,0,1,1,1,1,0,0,0,1,1,0,1,1,1,1,1,0,0,1,1
31498,1,1,1,0,1,1,0,1,0,1,0,0,1,1,0,1,0,0,0,1,1,0,0,1,0,1,0,1,0,0,1,0,0,0,0,1,1,0,0,1,0,1,1,1,1,0,0,0,0,1,0,1,0,1,1,1,0,0,1,1
31499,0,1,0,1,0,0,0,0,1,0,1,0,1,1,1,1,0,0,1,0,1,0,0,0,0,0,1,1,0,0,0,0,0,1,1,0,0,0,0,0,0,1,1,0,1,0,1,0,0,1,0,0,1,1,1,1,0,0,0,0
31500,1,1,0,1,0,0,0,1,1,0,0,0,0,0,0,1,0,1,1,1,1,0,0,0,0,0,1,0,1,0,0,1,0,0,0,1,0,0,0,0,0,1,1,1,1,0,1,0,0,1,0,0,0,1,1,1,1,0,1,1
31501,0,1,0,1,0,0,1,1,1,0,1,1,0,0,0,1,0,1,1,1,1,0,0,0,0,0,0,1,1,0,0,0,0,0,1,1,0,0,0,1,0,1,0,1,1,0,0,1,0,1,0,0,0,1,1,0,1,0,0,0
31502,0,1,0,1,0,0,0,1,1,0,1,1,1,1,1,1,1,1,0,1,1,0,0,0,0,1,1,0,0,0,0,0,0,0,1,0,0,0,0,1,0,1,0,1,1,0,1,1,0,1,0,0,0,1,1,1,0,0,0,0
31503,1,1,0,1,0,0,1,1,1,0,0,0,0,0,0,1,0,1,0,1,1,0,0,0,0,0,0,1,1,0,0,0,0,0,0,1,0,0,0,1,0,1,0,1,1,0,0,0,0,1,0,0,0,1,1,0,1,0,1,0
31504,1,1,0,1,0,0,1,1,1,0,0,0,0,0,0,1,0,1,1,0,1,0,0,0,0,0,0,1,1,0,0,0,0,0,0,1,0,0,0,1,0,1,0,1,1,0,0,0,0,1,0,0,0,1,1,0,1,0,1,0
31506,1,1,0,1,0,0,0,0,1,0,1,0,1,1,0,1,0,1,1,1,1,0,0,1,0,0,0,0,1,0,0,0,0,0,0,1,0,0,0,1,0,1,1,1,1,0,0,1,1,1,0,0,0,1,1,1,0,1,1,0
31507,1,1,0,1,0,1,0,1,1,0,1,0,1,0,0,1,0,0,0,1,1,0,0,1,0,0,0,1,0,0,0,1,0,0,0,1,0,0,0,0,0,1,1,1,1,0,0,0,0,1,0,0,1,1,1,1,0,0,1,1
31508,1,1,0,1,0,0,1,1,1,0,0,0,0,0,0,1,0,1,1,1,1,0,0,0,0,0,0,1,1,0,0,0,0,0,0,1,0,0,0,1,0,1,0,1,1,0,0,0,0,1,0,0,0,1,1,0,1,0,1,0
31509,0,1,0,1,1,0,0,1,1,1,0,0,0,1,0,1,0,1,0,0,1,0,0,0,0,0,1,1,0,0,0,0,0,0,0,1,0,0,0,1,0,1,1,1,1,0,1,1,0,0,0,0,0,1,1,1,0,0,1,1
31510,1,1,0,0,1,0,1,1,0,1,1,0,0,1,0,1,0,1,1,1,1,0,0,0,0,0,0,1,1,0,0,0,0,0,0,0,0,0,0,1,0,1,0,1,1,0,0,1,1,1,0,0,1,1,1,0,1,0,1,0
31511,0,1,0,0,1,1,0,1,0,1,1,0,1,1,0,1,0,0,0,1,1,0,0,0,0,0,0,0,0,0,1,0,0,1,0,1,1,0,0,1,0,1,1,1,1,0,0,0,0,1,0,1,1,1,1,1,0,0,1,0
31512,1,1,0,1,0,1,1,1,1,1,0,0,1,1,0,1,0,1,1,0,1,0,0,0,0,0,0,1,1,0,0,0,0,0,0,0,0,0,0,1,0,1,1,1,1,0,0,0,0,0,1,0,1,0,1,1,0,1,1,0
31513,1,1,0,1,0,0,1,1,1,0,0,0,0,0,0,1,0,1,1,0,1,0,0,0,0,0,0,1,0,0,0,0,0,0,0,1,0,0,0,1,0,1,0,1,1,0,0,0,0,1,0,0,0,1,1,0,0,0,1,0
31514,1,1,0,1,0,0,1,1,1,0,0,0,0,0,0,1,0,1,1,0,1,0,0,0,0,0,0,1,0,0,0,0,0,0,0,1,0,0,1,1,0,1,0,1,1,0,0,0,0,1,0,0,0,1,1,0,0,0,1,0
31515,1,1,0,1,0,0,1,0,1,0,1,0,0,0,0,1,0,1,1,1,1,0,0,0,0,0,0,1,0,0,0,0,0,0,0,1,0,0,0,1,0,1,0,1,1,0,0,0,0,1,0,0,0,1,1,0,1,0,1,0
31516,1,1,0,1,0,0,1,1,1,0,0,0,0,0,0,1,0,1,1,0,1,0,0,0,0,0,0,1,1,0,0,0,0,0,0,1,0,0,1,1,0,1,0,1,1,0,0,0,0,1,0,0,0,1,1,0,1,0,1,0
31517,1,1,0,0,0,0,1,0,0,0,0,0,0,0,1,1,0,1,1,1,1,0,0,0,1,0,0,1,1,0,0,0,0,0,0,1,0,0,0,1,0,1,0,1,1,0,0,1,0,1,0,0,0,1,1,0,1,0,1,0
31518,1,1,0,0,1,1,0,1,0,1,1,0,1,1,0,1,0,0,1,1,1,0,0,1,0,0,0,1,1,0,1,0,0,0,0,1,1,0,0,0,0,1,1,1,1,0,0,0,0,1,0,1,1,1,1,1,0,0,1,1
31519,1,1,0,0,1,1,0,1,0,0,1,0,1,1,0,1,1,1,1,1,1,0,0,0,0,1,0,0,0,0,0,0,0,0,0,0,0,0,0,1,1,1,1,1,1,0,0,0,1,0,0,0,0,1,1,1,0,0,1,0
31520,0,0,0,0,0,0,1,1,0,0,0,0,0,0,0,0,0,1,0,0,0,0,0,0,0,0,0,1,0,0,0,0,0,1,0,0,0,0,0,1,0,1,0,1,1,0,0,0,0,1,0,0,0,1,1,0,1,0,1,0
31521,0,0,0,0,0,0,1,0,0,0,0,0,0,0,0,0,0,1,1,0,0,0,0,0,0,0,0,1,1,0,0,0,0,1,0,0,0,0,0,1,0,1,0,1,1,0,0,1,0,1,0,0,0,1,1,0,1,0,1,0
31522,1,1,0,0,0,0,1,1,0,0,0,0,0,0,0,1,1,0,1,1,1,0,0,0,1,0,0,0,1,0,0,1,0,0,0,1,0,0,0,0,0,1,1,1,1,0,0,1,0,0,1,0,0,1,1,1,1,0,1,0
31523,1,1,0,1,1,0,1,1,1,1,1,0,0,1,0,1,0,1,1,1,1,0,0,0,0,0,0,0,1,0,0,0,0,0,1,1,0,0,1,1,0,1,0,1,1,0,0,1,1,1,0,0,0,1,1,0,1,0,0,0
31524,1,0,0,1,0,0,0,1,1,0,1,0,1,1,0,0,0,1,1,1,0,0,0,1,0,1,0,0,1,0,0,0,0,0,0,1,0,0,0,1,0,1,1,1,1,0,0,0,1,0,0,0,0,1,1,1,0,1,1,0
31525,0,1,0,0,1,0,0,1,0,1,0,0,1,1,0,1,0,1,1,0,1,0,0,0,0,0,1,1,1,0,0,0,0,0,0,0,0,0,0,1,0,0,1,1,1,0,1,0,0,1,0,0,0,1,1,1,1,0,1,0
31526,0,1,0,1,1,0,0,1,1,1,1,0,1,1,0,1,0,1,1,0,1,0,0,0,0,0,1,1,1,0,0,0,1,1,0,1,0,0,1,1,0,1,0,1,1,0,1,1,1,1,1,0,1,1,1,0,0,0,1,0
31527,0,1,0,0,1,1,0,1,0,0,1,0,1,1,0,1,1,1,0,1,1,0,0,1,0,0,0,0,0,0,0,0,0,0,0,0,0,0,0,1,0,1,0,1,1,0,0,0,0,0,0,0,0,1,1,1,0,0,1,0
31528,0,1,0,1,0,0,1,1,1,0,0,1,0,1,0,1,1,1,1,0,1,0,0,1,0,0,1,0,0,0,0,0,0,0,1,0,0,0,0,0,1,1,1,0,1,0,1,0,1,1,0,0,0,1,1,1,1,0,0,0
31529,1,1,0,0,1,0,1,0,0,1,0,0,0,1,0,1,0,1,1,1,1,0,0,0,0,0,0,1,0,0,0,0,0,0,0,0,0,0,0,0,0,1,0,1,1,0,0,1,0,1,0,0,0,1,1,0,0,0,1,0
31530,1,1,0,0,1,1,0,1,0,0,0,0,1,1,0,1,1,1,1,1,1,0,0,1,0,0,0,0,0,0,0,0,0,0,0,0,0,0,0,1,0,1,0,1,1,0,0,0,1,0,0,0,0,1,1,1,0,0,1,0
31531,1,1,0,0,1,1,0,1,0,0,0,0,1,1,0,1,1,1,0,1,1,0,0,1,0,0,0,0,0,0,0,0,0,0,0,0,0,0,0,1,0,1,0,1,1,0,0,0,1,0,0,0,0,1,1,1,0,0,1,0
31532,0,1,0,0,1,0,1,0,0,0,1,1,1,1,0,1,0,1,1,1,1,0,0,0,0,0,0,0,0,0,0,0,0,0,1,0,0,0,0,0,0,1,1,1,1,0,0,1,1,0,0,0,0,1,1,1,0,0,0,0
31533,1,0,0,1,1,0,1,0,1,1,0,0,0,1,0,0,1,1,0,0,0,0,0,0,0,0,0,0,1,0,0,0,0,0,0,0,0,0,0,0,0,1,1,1,1,0,1,1,0,1,0,0,0,0,1,1,1,1,1,1
31534,1,1,0,0,1,0,0,1,0,1,0,0,0,1,0,1,0,1,0,0,1,0,0,1,0,0,0,0,1,0,0,0,0,1,0,0,0,0,0,1,0,0,0,1,1,0,0,1,1,1,0,0,0,1,1,0,0,0,1,0
31535,0,1,0,0,1,0,1,0,0,1,0,0,0,0,0,1,0,0,1,1,1,0,0,0,0,1,0,1,0,0,0,0,0,0,0,0,0,0,0,1,0,1,0,1,1,0,0,1,0,1,0,0,0,1,1,0,0,0,1,0
31537,0,1,0,0,0,0,1,0,0,0,0,0,0,0,0,1,0,1,0,0,1,0,0,0,0,1,0,1,0,0,0,0,0,1,0,0,0,0,0,1,0,1,0,1,1,0,0,0,0,1,0,0,0,1,1,0,1,0,1,0
31544,0,1,0,1,1,1,1,0,1,1,1,0,1,1,0,1,0,1,1,1,1,0,0,0,0,0,0,0,1,1,0,0,0,1,0,1,0,1,0,1,0,1,1,1,1,1,0,0,1,0,0,0,0,1,0,1,1,1,1,0
31545,1,1,0,0,0,0,1,0,0,0,0,0,0,0,0,1,0,1,1,0,1,0,0,0,0,0,0,0,1,0,0,0,0,0,0,0,0,1,0,1,0,1,0,1,1,1,0,0,1,1,0,0,0,1,0,0,0,1,1,0
31546,1,1,0,1,0,1,0,1,1,0,1,0,0,1,0,1,0,1,1,1,1,0,0,0,0,1,0,1,1,0,0,0,0,1,0,1,0,0,0,0,0,1,1,1,1,0,0,0,0,0,0,0,1,1,1,1,1,1,1,0
31547,1,1,0,1,0,1,0,1,1,0,0,0,1,0,0,1,0,1,1,1,1,0,0,0,0,0,0,1,0,1,0,1,0,1,0,1,0,1,0,1,0,1,1,1,1,1,0,1,1,0,0,0,0,1,0,1,1,1,1,0
31548,1,1,0,1,1,0,0,1,1,1,0,0,0,0,1,1,0,1,1,1,1,0,0,0,0,0,1,0,1,1,1,1,0,1,0,0,1,1,0,0,0,1,1,0,1,1,1,1,0,1,0,1,1,0,0,1,0,0,1,1
31549,1,1,0,1,1,0,0,1,1,1,0,0,0,0,1,1,0,0,1,1,1,0,0,0,0,0,1,0,1,1,1,1,0,1,0,0,1,1,0,0,0,1,1,0,1,1,1,1,0,1,1,1,1,0,0,1,0,0,1,1
31550,0,1,0,0,1,1,0,1,0,1,1,1,1,1,0,1,0,1,0,1,1,0,0,0,0,0,0,0,0,0,1,0,0,1,1,1,1,0,0,1,0,1,1,1,0,0,0,0,0,1,0,1,1,1,1,1,0,0,0,0
31551,1,1,0,0,0,0,1,0,0,0,0,0,0,0,1,1,0,1,1,1,1,0,0,0,1,0,0,1,1,0,0,0,0,0,0,1,0,0,0,1,0,1,0,1,1,0,0,1,0,1,0,0,0,1,1,0,1,0,1,0
31552,0,1,0,0,1,1,0,1,0,1,0,0,1,1,0,1,0,1,1,1,1,0,0,1,0,0,0,0,0,0,0,0,0,0,0,0,0,0,0,1,0,1,1,1,1,0,0,0,0,0,0,0,0,1,1,1,0,1,1,0
31553,1,0,0,1,1,0,0,1,1,1,0,1,0,0,0,0,1,1,1,0,0,0,0,0,1,0,1,0,1,0,0,1,0,0,1,1,0,0,0,0,0,1,1,1,1,0,1,0,0,1,0,0,0,1,1,1,0,1,0,1
31554,1,1,0,1,1,0,0,0,1,1,0,0,0,1,0,1,0,1,1,1,1,0,0,0,0,0,0,0,1,0,1,0,0,0,0,0,1,0,1,0,0,1,1,0,1,0,0,1,0,0,0,1,0,0,1,1,0,1,1,1
31555,1,1,0,1,1,0,0,0,1,1,0,0,0,1,0,1,0,0,1,0,1,0,0,0,0,0,1,0,1,0,1,0,0,0,0,0,1,0,1,0,0,1,1,0,1,0,1,1,0,0,0,1,0,0,1,1,0,1,1,1
31556,0,1,0,0,1,0,1,0,0,1,0,0,1,0,0,1,0,1,0,1,1,0,0,0,0,0,0,1,0,0,0,0,1,0,0,0,0,0,0,0,0,1,0,1,1,0,0,0,0,1,0,0,0,1,1,0,0,0,1,0
31557,0,1,0,1,1,0,0,0,1,1,0,0,0,1,0,1,1,1,1,0,1,0,0,0,0,0,1,0,1,0,0,0,0,0,1,1,0,0,1,1,0,0,1,1,1,0,1,0,0,0,0,0,0,0,1,1,0,1,0,1
31558,0,1,0,0,1,0,1,1,0,1,0,1,0,1,0,1,0,1,1,0,1,0,0,0,0,0,1,0,0,0,0,0,0,0,1,1,0,0,0,1,0,1,0,1,1,0,1,0,0,1,0,0,0,1,1,1,0,0,0,1
31559,0,1,0,1,1,0,0,1,1,1,0,0,0,1,0,1,0,0,1,1,1,0,0,0,0,0,1,1,0,0,0,0,0,0,0,0,0,0,0,1,0,1,1,1,1,0,0,0,1,1,1,0,0,1,1,1,0,0,1,0
31560,1,1,0,1,0,0,1,0,1,0,1,1,0,0,0,1,0,1,1,1,1,0,0,0,0,0,0,1,1,0,0,0,0,0,1,1,0,0,0,1,0,1,0,1,1,0,0,0,0,1,0,0,0,1,1,0,1,0,0,0
31561,1,1,0,1,1,0,0,1,1,1,0,1,0,1,0,1,1,1,1,1,1,0,0,0,0,1,1,1,1,0,0,0,0,0,1,1,0,0,1,1,0,0,0,1,1,0,1,0,0,0,0,0,1,1,1,1,1,1,0,0
31562,1,1,0,1,0,0,1,1,1,0,0,0,0,1,0,1,0,0,1,0,1,0,0,0,0,0,1,0,1,0,0,0,0,0,0,0,0,0,0,1,0,1,1,1,1,0,1,1,1,0,0,0,0,1,1,1,0,1,1,0
31563,0,0,0,1,0,0,1,1,1,0,0,0,0,1,0,0,0,1,1,1,0,0,0,0,1,0,0,1,1,0,0,0,0,0,0,1,0,0,1,0,0,1,0,1,1,0,0,1,0,1,0,0,0,1,1,0,0,0,1,1
31564,1,1,0,0,0,0,1,0,0,0,0,0,0,0,1,1,0,1,1,1,1,0,0,0,1,0,0,1,0,0,0,0,0,0,0,1,0,0,0,1,0,1,0,1,1,0,0,1,0,1,0,0,0,1,1,0,1,0,1,0
31565,1,1,0,1,1,0,0,0,1,1,0,0,0,0,0,1,1,0,0,0,1,0,0,0,1,0,0,0,1,0,0,1,0,0,1,0,0,0,0,1,0,1,1,0,1,0,0,0,0,0,0,0,0,0,1,1,0,1,0,1
31566,0,1,0,0,0,0,1,0,0,0,0,0,0,0,1,1,0,0,1,1,1,0,0,0,1,0,0,1,1,0,0,0,0,0,0,1,0,0,0,0,0,0,0,1,1,0,0,1,0,1,0,0,0,1,1,1,1,0,1,0
31567,1,1,0,1,0,0,1,1,1,0,0,1,0,0,0,1,0,1,1,0,1,0,0,1,0,0,0,1,1,0,0,0,0,0,1,1,0,0,1,0,0,1,0,1,1,0,0,1,0,1,0,0,0,1,1,0,1,0,0,0
31568,1,1,0,1,0,0,0,0,1,0,1,1,0,0,0,1,1,0,1,0,1,0,0,0,1,0,1,0,1,0,0,1,0,0,1,0,0,0,1,1,0,1,1,0,1,0,1,1,0,0,0,0,0,0,1,1,0,1,0,1
31569,0,1,0,1,0,0,1,0,1,0,0,0,0,1,0,1,0,1,0,0,1,0,0,0,0,0,1,0,1,0,0,0,0,0,1,0,0,0,0,1,0,1,1,1,1,0,1,0,0,0,0,0,0,0,1,1,0,1,0,1
31570,1,0,0,1,0,0,0,0,1,0,0,0,0,1,0,0,0,1,1,1,0,0,0,0,0,0,0,1,0,0,0,0,1,0,0,0,0,0,0,1,0,1,0,1,1,0,0,0,0,1,0,0,1,0,1,1,0,0,0,0
31571,1,1,0,1,0,0,0,1,1,0,0,0,0,0,0,1,0,1,1,1,1,0,0,0,0,0,1,1,0,0,0,1,0,0,0,1,0,0,0,0,0,1,0,1,1,0,1,0,0,1,0,0,0,1,1,1,1,0,1,1
31572,1,1,0,0,0,0,0,1,1,0,0,0,0,1,0,1,1,1,1,1,1,0,0,0,0,0,1,0,1,0,0,0,0,0,0,1,0,0,0,1,0,1,1,1,1,0,1,0,0,1,0,0,0,1,1,1,0,1,1,0
31573,1,1,0,1,0,0,0,1,1,0,0,1,0,1,0,1,0,1,0,1,1,0,0,1,0,1,0,1,0,0,0,0,0,0,1,0,0,0,0,1,0,1,0,1,1,0,0,0,0,1,0,0,1,0,1,0,1,0,0,0
31574,1,0,0,1,0,0,1,1,1,0,0,0,1,1,0,0,0,1,1,0,0,0,0,0,0,0,1,0,1,0,0,0,0,1,0,1,0,0,0,0,0,1,0,1,1,0,1,0,1,1,0,0,0,1,1,1,0,1,1,0
31575,0,1,0,0,0,1,0,1,0,0,1,0,0,1,1,1,0,0,1,1,1,0,0,0,1,1,0,0,0,0,0,0,0,0,0,1,0,0,0,1,0,1,1,1,1,0,0,0,0,1,0,0,0,1,1,1,0,0,1,0
31576,0,0,0,0,0,0,1,0,0,0,0,0,0,0,0,0,0,1,1,1,0,0,0,0,0,0,0,1,1,0,0,0,0,1,0,0,0,0,0,1,0,1,0,1,1,0,0,0,0,1,0,0,0,1,1,0,1,0,1,0
31577,1,0,0,1,0,1,0,1,1,0,1,0,0,0,0,0,0,1,1,1,0,0,0,0,0,0,0,0,0,0,0,1,0,1,0,0,0,0,0,1,0,1,1,1,1,0,0,0,0,0,0,0,0,1,1,1,0,0,1,0
31578,0,1,0,1,0,1,0,0,1,0,0,0,1,1,0,1,0,1,1,1,1,0,0,0,0,0,0,0,1,0,0,0,0,1,0,1,0,0,0,1,0,1,1,1,1,0,0,0,1,0,0,0,0,1,1,1,0,1,1,0
31579,1,1,0,1,0,1,1,1,1,0,0,0,1,1,0,1,0,1,1,0,1,0,0,0,0,0,0,1,1,0,0,0,0,0,0,0,0,0,0,1,0,1,1,1,1,0,0,1,0,0,0,0,1,0,1,1,0,1,1,0
31580,1,1,0,0,1,1,0,1,0,1,0,0,1,0,0,1,0,1,0,1,1,0,0,0,0,0,0,0,0,0,0,1,0,0,0,1,0,0,0,1,0,1,0,1,1,0,0,0,0,0,0,0,0,1,1,1,0,0,1,0
31581,1,1,0,0,1,1,0,1,0,1,0,0,1,0,0,1,0,1,0,1,1,0,0,0,0,0,0,0,0,0,0,1,0,0,0,1,0,0,0,1,0,1,1,1,1,0,0,0,0,1,0,0,0,1,1,1,0,0,1,0
31582,0,1,1,1,1,0,0,0,1,1,0,1,1,0,0,1,0,0,1,0,1,0,1,1,0,0,1,0,1,0,1,1,0,1,1,0,1,0,0,1,0,1,0,1,1,0,1,1,0,1,0,1,0,1,1,1,0,0,0,0
31583,0,1,0,1,0,0,0,1,1,0,0,0,0,1,1,1,0,1,0,1,1,0,0,1,0,0,1,0,0,0,0,0,0,0,1,1,0,0,0,0,0,1,1,1,1,0,1,0,0,1,0,0,1,0,1,1,0,0,0,0
31584,1,1,0,1,0,0,1,0,1,0,1,0,0,1,0,1,0,1,1,0,1,0,0,0,0,0,1,0,1,0,0,0,0,0,0,1,0,0,0,1,0,1,1,1,1,0,1,0,0,1,0,0,0,1,1,1,0,0,1,0
31585,1,1,0,0,1,1,0,1,0,1,0,0,1,0,0,1,0,1,0,1,1,0,0,0,0,0,0,0,0,0,0,1,0,0,0,1,0,0,0,1,0,1,1,1,1,0,0,0,1,1,0,0,0,1,1,1,0,0,1,0
31586,1,1,0,1,0,1,1,1,1,0,0,0,0,0,0,1,0,1,1,0,1,0,0,0,0,0,0,1,1,0,0,0,1,1,0,0,0,0,1,1,0,1,0,1,1,0,0,1,0,1,0,0,0,1,1,0,0,0,1,0
31587,1,1,0,0,0,0,1,0,0,0,0,0,0,0,0,1,0,1,1,0,1,0,0,0,0,1,0,1,0,0,0,0,0,1,0,0,0,0,0,1,0,1,0,1,1,0,0,0,0,1,0,0,0,1,1,0,1,0,1,0
31588,0,1,0,1,0,0,0,1,1,0,1,1,0,1,1,1,0,0,1,1,1,0,0,0,0,0,1,0,0,0,0,0,0,0,1,1,0,0,0,0,0,0,1,1,1,0,1,0,0,1,0,0,1,0,1,1,0,0,0,0
31589,1,1,0,1,1,0,0,0,1,1,0,0,0,1,0,1,1,0,0,0,1,0,0,0,1,0,0,0,1,0,0,0,0,0,1,0,0,0,0,1,0,1,1,0,1,0,0,0,0,0,0,0,0,0,1,1,0,1,0,1
31590,1,1,0,0,0,0,0,0,1,0,0,0,0,1,0,1,1,1,1,1,1,0,0,0,0,0,1,0,0,0,0,0,0,0,0,1,0,0,0,1,0,1,1,1,1,0,1,0,0,1,0,0,0,1,1,1,0,1,1,0
31591,0,1,0,1,0,1,0,1,1,0,0,0,1,0,0,1,0,1,1,1,1,0,0,0,0,0,0,0,0,0,0,1,0,1,0,1,0,0,0,1,0,1,1,1,1,0,0,0,1,0,0,0,0,1,1,1,0,1,1,0
31592,1,1,0,0,1,0,1,0,0,1,0,0,0,1,0,1,0,1,1,1,1,0,0,0,0,0,0,0,1,0,0,0,0,0,0,0,0,0,0,0,0,1,0,1,1,0,0,1,0,1,0,0,0,1,1,0,0,0,1,0
31593,1,1,0,0,0,0,1,1,0,0,0,0,0,0,1,1,0,1,1,1,1,0,0,0,1,0,0,1,0,0,0,0,0,0,0,1,0,0,0,1,0,0,0,1,1,0,0,1,0,1,0,0,0,1,1,0,1,0,1,0
31594,1,1,0,0,0,0,0,0,0,0,0,0,0,0,0,1,0,1,1,0,1,0,0,0,0,1,0,1,0,0,0,0,1,1,0,0,0,0,0,1,0,1,0,1,1,0,0,0,0,1,0,0,0,1,1,0,1,0,1,0
31595,0,1,0,1,1,0,0,1,1,1,0,1,1,1,0,1,0,1,0,0,1,0,0,0,0,0,1,0,0,0,0,0,0,0,1,1,0,0,1,1,0,1,1,1,1,0,1,1,0,0,0,0,0,1,1,1,0,1,0,0
31596,1,1,0,1,0,0,1,1,1,0,0,0,0,0,1,1,0,1,1,1,1,0,0,0,0,0,0,1,1,0,0,0,0,0,1,1,0,0,0,0,0,1,0,1,1,0,0,1,0,1,0,0,0,1,1,0,1,0,0,0
31597,0,1,0,1,0,0,1,1,1,0,0,1,0,0,1,1,0,1,1,1,1,0,0,0,0,0,0,1,0,0,0,0,0,0,1,1,0,0,0,0,0,1,0,1,1,0,0,1,0,1,0,0,0,1,1,0,1,0,0,0
31598,1,1,0,1,0,0,0,0,1,0,1,1,1,1,1,1,0,0,1,0,1,0,0,0,0,1,1,1,1,0,0,0,0,0,1,0,0,0,0,1,0,1,0,1,1,0,1,0,0,0,0,0,0,0,1,1,0,1,0,1
31599,1,1,0,1,0,0,1,1,1,0,0,0,0,0,0,1,0,1,1,0,1,0,0,0,0,0,0,1,0,0,0,0,0,0,0,1,0,0,0,0,0,1,0,1,1,0,0,0,0,1,0,0,0,1,1,0,1,0,1,0
31600,1,1,0,1,0,0,1,1,1,0,0,0,0,0,0,1,0,1,1,0,1,0,0,0,0,0,0,1,0,0,0,0,0,0,0,1,0,0,0,1,0,1,0,1,1,0,0,0,0,1,0,0,0,1,1,0,1,0,1,0
31601,1,1,0,1,0,0,1,1,1,0,0,0,0,0,0,1,0,1,1,0,1,0,0,0,0,0,0,1,1,0,0,0,0,0,0,1,0,0,0,1,0,1,0,1,1,0,0,0,0,1,0,0,0,1,1,0,1,0,1,0
31602,0,1,0,1,1,0,0,1,1,1,0,1,0,1,1,1,0,1,0,1,1,0,0,1,0,0,1,0,0,0,0,0,0,0,1,1,0,0,1,0,0,1,1,1,1,0,1,1,0,0,0,0,1,0,1,1,0,0,0,0
31603,0,1,0,1,0,0,1,1,1,0,1,1,0,0,0,1,0,1,1,1,1,0,0,0,0,0,0,0,0,0,0,0,0,0,1,1,0,0,0,1,0,1,0,1,1,0,0,0,0,1,0,0,0,1,1,0,1,0,0,0
31604,0,1,0,0,0,1,1,1,0,0,0,0,0,0,0,1,0,1,1,1,1,0,0,0,0,0,0,1,1,0,0,1,0,0,0,1,0,0,0,1,0,1,0,1,1,0,0,1,0,0,0,0,0,1,1,0,0,0,1,0
31605,1,1,0,1,0,0,1,1,1,0,0,0,0,0,0,1,0,1,1,0,1,0,0,0,0,0,0,1,1,0,0,0,0,0,0,1,0,0,1,1,0,1,0,1,1,0,0,0,0,1,0,0,0,1,1,0,1,0,1,0
31608,1,1,0,0,1,0,0,1,0,1,0,0,1,0,1,1,0,1,0,1,1,0,0,0,1,0,1,1,1,0,0,1,0,0,0,1,0,0,0,0,0,1,0,1,1,0,1,1,0,1,0,0,0,1,1,0,0,0,1,0
31609,0,1,0,1,1,0,0,0,1,1,0,1,0,1,0,1,1,0,1,1,1,0,0,0,1,0,0,1,1,0,0,0,0,0,1,0,0,0,0,1,0,1,0,0,1,0,0,1,0,0,0,0,0,0,1,1,0,1,0,1
31610,1,1,0,0,0,0,1,1,0,0,0,0,0,0,1,1,0,1,1,1,1,0,0,0,1,0,0,1,0,0,0,0,0,0,0,1,0,0,0,0,0,1,0,1,1,0,0,1,0,1,0,0,0,1,1,0,1,0,1,0
31611,0,1,0,0,0,0,0,0,0,0,1,0,1,1,0,1,0,1,1,1,1,0,0,1,0,0,0,1,1,0,0,0,0,0,0,1,0,0,0,0,0,1,1,1,1,0,0,1,0,1,0,0,0,1,1,1,0,1,1,0
31612,0,1,0,1,0,0,0,1,1,0,1,1,1,1,0,1,1,1,1,1,1,0,0,0,0,0,1,0,1,0,0,0,0,0,1,0,0,0,1,1,0,1,0,1,1,0,1,1,0,1,0,0,0,1,1,1,0,0,0,0
31613,0,1,0,1,0,0,1,1,1,0,0,0,1,0,0,1,0,1,1,1,1,0,0,0,0,0,0,0,1,0,0,1,0,0,0,1,0,0,0,0,0,1,0,1,1,0,0,1,0,0,0,0,0,1,1,0,1,1,1,0
31614,0,1,0,1,0,0,1,1,1,0,0,0,1,0,0,1,0,1,1,1,1,0,0,0,0,0,0,0,0,0,0,1,0,0,0,1,0,0,1,1,0,1,0,1,1,0,0,1,0,1,0,0,0,1,1,0,1,1,1,0
31617,0,0,0,1,0,0,1,0,1,0,0,0,0,1,0,0,0,1,1,0,0,0,0,0,0,0,1,1,1,0,0,0,0,0,1,0,0,0,0,1,0,1,0,1,1,0,1,1,0,0,0,0,0,0,1,0,0,1,0,1
31618,1,1,0,1,0,0,1,1,1,0,0,0,0,0,0,1,0,1,1,0,1,0,0,0,0,0,0,1,1,0,0,0,0,0,0,1,0,0,1,1,0,1,0,1,1,0,0,0,0,1,0,0,0,1,1,0,1,0,1,0
31619,1,1,0,1,0,0,1,1,1,0,0,0,0,0,0,1,0,1,1,0,1,0,0,0,0,0,0,1,1,0,0,0,0,0,0,1,0,0,1,1,0,1,0,1,1,0,0,0,0,1,0,0,0,1,1,0,1,0,1,0
31620,1,1,0,1,0,0,0,1,1,0,1,0,1,0,0,1,0,1,0,1,1,0,0,1,0,0,0,0,1,0,0,1,0,0,0,1,0,0,1,1,0,1,1,1,1,0,0,1,0,1,0,0,0,1,1,1,0,1,1,0
31621,0,1,0,1,1,0,1,0,1,1,0,0,0,1,1,1,1,1,1,1,1,0,0,0,0,0,1,0,1,0,0,0,0,0,0,1,0,0,0,1,0,1,1,0,1,0,1,1,0,1,0,0,1,1,1,1,0,1,1,0
31622,1,0,0,1,1,0,0,0,1,1,0,1,0,1,0,0,1,1,1,0,0,0,0,1,1,0,0,1,1,0,0,0,0,0,1,1,0,0,0,1,0,1,0,0,1,0,1,1,0,1,0,0,0,0,1,1,0,1,0,1
31623,1,1,0,1,0,0,1,1,1,0,0,0,0,0,0,1,0,1,1,0,1,0,0,0,0,0,0,0,1,0,0,0,0,0,0,1,0,0,1,1,0,1,0,1,1,0,0,0,0,1,0,0,0,1,1,0,1,0,1,0
31624,1,1,0,1,0,0,1,1,1,0,1,1,0,0,0,1,0,1,1,0,1,0,0,0,0,0,0,1,1,0,0,1,0,0,1,1,0,0,0,1,0,1,0,1,1,0,0,1,0,1,0,0,0,1,1,0,1,0,0,0
31625,1,1,0,1,1,0,1,1,1,1,0,0,0,0,0,1,0,1,1,1,1,0,0,0,0,1,0,1,1,0,0,0,0,0,0,0,0,0,1,0,0,1,0,1,1,0,0,0,1,1,0,0,1,1,1,0,0,0,1,0
31626,0,1,0,0,0,1,0,1,0,0,0,0,1,1,0,1,0,0,0,1,1,0,0,1,1,0,0,0,0,0,0,0,0,1,0,1,0,0,0,0,0,1,1,1,1,0,0,1,0,1,0,0,0,1,1,1,0,0,1,0
31627,1,1,0,1,0,0,0,1,1,0,0,0,0,1,0,1,0,1,1,0,1,0,0,1,0,0,1,0,0,0,0,0,0,0,0,1,0,0,0,0,0,1,1,1,1,0,1,0,0,0,1,0,0,1,1,1,0,1,1,0
31628,1,1,0,1,0,0,1,1,1,0,1,1,0,0,0,1,0,1,1,1,1,0,0,0,0,0,0,0,1,0,0,0,0,0,1,1,0,0,0,1,0,1,0,1,1,0,0,1,0,1,0,0,0,1,1,0,1,0,0,0
31629,1,1,0,0,0,0,1,0,0,0,0,0,0,1,1,1,0,1,1,1,1,0,0,0,1,0,0,0,0,0,0,0,0,0,0,1,0,0,0,1,0,0,0,1,1,0,0,1,0,1,1,0,0,1,1,0,1,0,1,0
31630,1,1,0,0,1,1,0,1,0,1,1,0,1,1,1,1,0,0,1,1,1,0,0,1,0,1,0,1,0,0,1,0,0,0,0,1,1,0,0,0,0,1,1,1,1,0,0,0,0,1,0,1,1,1,1,1,0,0,1,1
31631,0,1,0,0,0,0,0,1,0,0,1,0,1,1,0,1,0,1,1,1,1,0,0,1,0,0,0,0,0,0,0,0,0,0,0,1,0,0,0,0,0,1,1,1,1,0,0,1,0,0,0,0,0,1,1,1,0,1,1,0
31632,1,1,0,1,1,0,0,1,1,1,0,0,0,1,0,1,0,1,1,1,1,0,0,0,0,0,1,1,0,0,1,0,0,0,0,1,1,0,0,0,0,1,1,1,1,0,1,0,0,1,0,1,0,1,1,1,1,0,1,1
31633,0,1,0,1,0,0,1,0,1,0,1,1,0,0,0,1,0,1,1,1,1,0,0,0,0,0,0,0,1,0,0,0,0,0,1,1,0,0,0,1,0,1,0,1,1,0,0,1,0,1,0,0,0,1,1,0,1,0,0,0
31634,1,1,0,1,0,0,1,1,1,0,0,0,0,0,0,1,0,1,1,0,1,0,0,0,0,0,0,1,1,0,0,0,0,0,0,1,0,0,1,1,0,1,0,1,1,0,0,0,0,1,0,0,0,1,1,0,1,0,1,0
31635,0,1,0,1,1,0,1,0,1,1,0,0,0,1,0,1,0,1,1,0,1,0,0,0,1,0,1,1,1,0,0,0,0,0,0,1,0,0,0,1,0,1,0,1,1,0,1,1,1,1,0,0,0,1,1,1,0,0,1,1
31636,0,1,0,1,1,1,0,1,1,1,0,1,0,1,0,1,0,1,0,1,1,0,0,0,0,0,1,1,1,0,0,0,0,0,1,1,0,0,0,1,0,1,0,1,1,0,1,0,0,1,0,0,0,1,1,0,0,0,0,0
31637,1,1,0,1,1,1,1,1,1,1,0,0,1,1,0,1,0,0,0,1,1,0,0,1,0,0,0,0,1,0,1,0,0,1,0,1,1,0,1,1,0,1,1,1,1,0,0,0,0,1,0,1,1,1,1,1,0,0,1,0
31638,1,1,0,0,1,0,1,0,0,1,0,0,0,0,0,1,0,1,0,1,1,0,0,0,0,1,0,0,0,0,0,0,0,0,0,0,0,0,1,0,0,1,0,1,1,0,0,1,1,1,0,0,1,1,1,0,0,0,1,0
31639,0,1,0,0,1,1,1,1,0,1,0,0,0,1,0,1,0,1,1,0,1,0,0,0,0,0,1,1,1,0,0,0,0,1,0,0,0,0,0,0,0,1,0,1,1,0,1,0,0,0,0,0,0,1,1,0,1,0,1,0
31640,1,1,0,0,1,1,0,1,0,1,1,0,1,1,1,1,0,0,0,1,1,0,0,1,0,0,0,1,0,0,1,0,0,0,0,1,1,0,0,1,0,1,1,1,1,0,0,0,1,1,0,1,1,1,1,1,0,0,1,1
31641,1,0,0,1,0,0,0,0,1,0,0,0,0,1,0,0,0,1,1,1,0,0,0,1,0,0,0,1,1,0,0,0,0,0,0,0,0,0,0,1,0,1,0,1,1,0,0,0,0,1,0,0,1,0,1,1,0,0,0,0
31642,0,1,0,1,0,0,1,0,1,0,1,0,0,0,0,1,0,1,1,1,1,0,0,0,0,0,0,1,1,0,0,0,0,0,1,1,0,0,0,1,0,1,0,1,1,0,0,0,0,1,0,0,0,1,1,0,1,0,0,0
31643,0,1,0,1,0,0,0,1,1,0,0,1,0,0,1,1,0,1,0,1,1,0,0,1,0,0,1,0,0,0,0,1,0,0,1,1,0,0,0,0,0,1,1,1,1,0,1,0,1,0,0,0,1,0,1,1,0,0,0,0
31645,1,1,0,1,0,0,1,0,1,0,0,0,0,0,0,1,0,1,1,0,1,0,0,1,0,0,0,1,1,0,0,0,0,0,0,1,0,0,0,0,0,1,0,1,1,0,0,0,0,1,0,0,0,1,1,0,1,0,1,0
31646,1,1,0,0,0,0,1,0,0,0,0,0,0,0,1,1,0,0,0,1,1,0,0,0,1,0,0,1,1,0,0,0,0,0,0,1,0,0,0,1,0,1,0,1,1,0,0,1,0,1,0,0,0,1,1,0,1,0,1,0
31647,1,1,0,1,0,0,1,1,1,0,0,0,0,0,0,1,0,1,1,0,1,0,0,1,0,0,0,1,1,0,0,0,0,0,0,1,0,0,0,1,0,1,0,1,1,0,0,0,0,1,0,0,0,1,1,0,1,0,1,0
31648,1,1,0,1,0,0,1,1,1,0,0,0,0,0,0,1,0,1,1,1,1,0,0,0,0,0,0,1,0,0,0,0,0,0,0,1,0,0,0,1,0,1,0,1,1,0,0,0,0,1,0,0,0,1,1,0,1,0,1,0
31649,1,1,0,1,0,0,1,1,1,0,0,0,0,0,0,1,0,1,1,1,1,0,0,0,0,0,0,1,1,0,0,0,0,0,0,1,0,0,0,1,0,1,0,1,1,0,0,0,0,1,0,0,0,1,1,0,1,0,1,0
31650,1,1,0,0,1,0,1,1,0,1,0,0,0,0,0,1,0,1,1,1,1,0,0,0,0,1,0,1,0,0,0,0,0,0,0,0,0,0,0,0,0,1,0,1,1,0,0,1,1,1,0,0,1,1,1,0,0,0,1,0
31651,1,1,0,0,1,1,0,1,0,1,0,0,1,0,0,1,0,1,1,1,1,0,0,0,0,0,0,0,0,0,0,1,0,0,1,1,0,0,0,0,0,1,0,1,1,0,0,0,0,1,0,0,0,1,1,1,0,0,0,0
31652,1,1,0,1,0,0,1,1,1,0,0,0,0,0,0,1,0,1,1,0,1,0,0,0,0,0,0,1,0,0,0,0,0,0,0,1,0,0,1,1,0,1,0,1,1,0,0,0,0,1,0,0,0,1,1,0,1,0,1,0
31653,0,1,0,1,0,0,0,1,1,0,1,1,1,1,1,1,0,0,1,0,1,0,0,0,0,0,1,0,0,0,0,0,0,1,1,0,0,0,0,0,0,1,1,0,1,0,1,0,0,1,0,0,1,1,1,1,0,0,0,0
31654,1,1,0,1,1,0,0,0,1,1,0,0,0,0,0,1,0,0,1,0,1,0,0,0,0,0,1,1,1,0,1,0,0,0,0,1,1,0,0,1,0,1,1,0,1,0,1,1,0,0,0,1,0,1,1,1,0,1,1,0
31655,0,1,0,1,0,0,0,1,1,0,0,1,0,1,1,1,0,1,0,1,1,0,0,1,0,0,1,0,0,0,0,0,0,0,1,1,0,0,0,0,0,1,1,1,1,0,1,0,0,0,0,0,1,0,1,1,0,0,0,0
31656,1,1,0,1,0,0,1,0,1,0,0,0,0,0,0,1,0,1,1,0,1,0,0,0,0,0,0,1,1,0,0,0,0,0,0,1,0,0,0,1,0,1,0,1,1,0,0,0,0,0,0,0,0,1,1,0,1,0,1,0
31657,0,1,0,1,1,0,0,1,1,1,0,0,0,1,0,1,0,1,1,0,1,0,0,0,0,1,1,1,0,0,0,0,0,0,0,1,0,0,0,1,0,1,1,1,1,0,1,1,1,0,0,0,0,1,1,1,0,0,1,1
31658,1,1,0,1,0,0,1,1,1,0,0,0,0,0,0,1,0,1,1,0,1,0,0,0,0,0,0,1,1,0,0,0,0,0,0,1,0,0,1,1,0,1,0,1,1,0,0,0,0,1,0,0,0,1,1,0,1,0,1,0
31659,1,1,0,1,0,0,1,1,1,0,0,0,0,0,0,1,0,1,1,0,1,0,0,0,0,0,0,1,1,0,0,0,0,0,0,1,0,0,1,1,0,1,0,1,1,0,0,0,0,1,0,0,0,1,1,0,1,0,1,0
31660,1,1,0,1,0,0,1,0,1,0,0,0,0,0,0,1,0,1,1,0,1,0,0,0,0,0,0,1,0,0,0,0,0,0,0,1,0,0,0,1,0,1,0,1,1,0,0,0,0,1,0,0,0,1,1,0,0,0,1,0
31661,0,1,0,1,0,1,0,1,1,0,0,0,1,0,0,1,0,1,1,1,1,0,0,0,0,0,0,0,0,0,0,1,0,1,0,1,0,0,0,1,0,1,1,1,1,0,0,0,0,0,0,0,0,1,1,1,0,1,1,0
31662,1,1,0,1,1,1,0,1,1,1,0,0,0,1,0,1,0,0,1,0,1,0,0,0,1,0,1,0,1,0,0,0,0,0,0,1,0,0,0,1,0,1,1,1,1,0,1,0,1,1,0,0,0,0,1,1,0,0,1,1
31663,1,1,0,0,1,0,1,1,0,1,0,0,1,1,0,1,0,1,1,1,1,0,0,0,0,0,0,0,1,0,0,0,0,0,0,1,0,0,0,1,0,1,0,1,1,0,0,1,1,1,0,0,0,1,1,0,1,1,1,0
31664,1,1,0,0,1,0,1,1,0,1,1,0,1,1,0,1,1,0,1,1,1,0,0,0,0,0,0,0,0,0,0,0,0,0,0,1,0,0,1,0,0,1,1,1,1,0,0,0,0,1,0,0,1,1,1,1,0,1,1,0
31665,0,1,0,0,0,0,1,1,0,0,0,0,0,0,0,1,0,1,1,1,1,0,0,0,0,0,0,1,1,0,0,0,0,0,0,0,0,0,0,1,0,1,0,1,1,0,0,1,0,1,0,0,0,1,1,0,1,0,1,0
31666,1,1,0,0,1,0,0,1,0,1,0,0,1,1,0,1,0,1,1,0,1,0,0,1,0,0,1,0,1,0,0,0,0,0,0,1,0,0,0,0,0,1,0,1,1,0,1,0,0,1,0,0,0,1,1,1,0,1,1,0
31667,0,1,0,0,0,0,1,0,0,0,0,0,0,0,0,1,0,1,0,0,1,0,0,0,0,0,0,1,1,0,0,0,0,1,0,0,0,0,0,1,0,1,0,1,1,0,0,0,0,1,0,0,0,1,1,0,1,0,1,0
31668,0,0,0,0,0,0,1,0,0,0,0,0,0,0,0,0,0,1,1,0,0,0,0,0,0,0,0,1,0,0,0,0,0,1,0,0,0,0,0,1,0,1,0,1,1,0,0,0,0,1,0,0,0,1,1,0,1,0,1,0
31669,0,1,0,0,0,0,1,1,0,0,0,1,0,1,0,1,0,1,1,1,1,0,0,0,0,0,0,0,0,0,0,0,0,0,1,1,0,0,0,0,0,1,0,1,1,0,0,1,0,1,0,0,0,1,1,0,1,0,0,0
31670,1,1,0,0,1,0,1,0,0,1,0,0,0,0,0,1,1,1,1,0,1,0,0,0,0,0,1,1,0,0,0,0,0,0,0,0,0,0,0,1,0,1,0,1,1,0,1,1,0,1,0,0,0,1,1,0,1,0,1,1
31671,0,1,0,1,0,0,1,1,1,0,0,0,0,1,0,1,0,1,1,1,1,0,0,0,1,0,0,1,1,0,0,0,0,0,0,1,0,0,1,1,0,1,0,1,1,0,0,1,0,1,0,0,0,1,1,0,0,0,1,1
31672,1,1,0,0,1,0,0,0,0,1,1,0,0,0,0,1,0,1,1,1,1,0,0,0,0,0,0,1,1,0,0,0,0,0,0,0,0,0,0,0,0,1,0,1,1,0,0,0,0,1,0,0,0,1,1,0,0,0,1,0
31673,0,1,0,1,0,0,1,1,1,0,0,0,0,1,0,1,1,1,1,0,1,0,0,0,0,1,1,0,1,0,0,0,0,0,1,0,0,0,0,1,0,1,0,1,1,0,1,1,0,1,0,0,0,1,1,0,1,0,0,0
31674,1,0,0,1,0,0,0,1,1,0,0,0,1,0,0,0,0,1,1,1,0,0,0,0,0,0,0,0,0,0,0,1,0,0,0,1,0,0,0,1,0,1,1,1,1,0,0,0,0,1,0,0,0,1,1,1,1,0,1,0
31675,1,1,0,0,1,0,0,1,0,1,1,0,1,1,0,1,0,1,1,0,1,0,0,0,1,0,0,0,1,0,0,0,0,0,0,0,0,0,0,1,0,1,1,1,1,0,0,0,1,1,0,0,1,1,1,1,1,0,1,0
31676,0,1,0,1,1,0,1,0,1,1,0,0,0,1,0,1,0,1,1,0,1,0,0,0,0,1,1,1,1,0,0,0,0,0,0,1,0,0,1,0,0,1,0,1,1,0,1,0,1,1,0,0,0,1,1,0,0,0,1,0
31677,0,1,0,0,1,1,0,0,0,0,1,0,1,1,0,1,1,1,0,1,1,0,0,1,0,0,0,1,0,0,0,0,0,0,0,0,0,0,0,1,0,1,1,1,1,0,0,1,0,0,0,0,0,1,0,1,0,0,1,0
31678,1,1,0,0,1,0,1,0,0,1,0,0,1,1,0,1,0,0,1,0,1,0,0,0,1,0,1,1,1,0,0,0,0,0,0,1,0,0,0,1,0,1,1,1,1,0,1,0,1,1,0,0,0,1,1,1,0,0,1,0
31687,0,1,0,0,1,0,1,0,0,1,1,0,1,1,0,1,0,0,1,1,1,0,0,0,0,0,0,0,1,0,0,0,0,0,0,1,0,1,0,1,0,1,1,1,1,1,0,1,0,1,0,0,1,1,0,1,0,1,1,0
31688,0,1,0,0,1,1,1,1,0,0,1,1,1,1,0,1,1,1,1,1,1,0,0,1,0,1,0,0,0,1,0,0,0,0,1,0,0,1,0,0,0,1,1,1,1,1,0,0,1,0,0,0,0,1,0,1,0,0,0,0
31689,0,1,0,1,0,0,1,1,1,0,0,0,0,0,1,1,1,1,1,0,1,0,0,0,0,0,1,1,0,1,0,1,0,0,0,1,0,1,0,0,0,1,1,1,1,1,1,0,1,1,0,0,1,1,0,1,0,0,1,0
31690,0,1,0,1,1,0,0,1,1,1,0,0,1,1,0,1,0,0,0,1,1,0,0,0,0,0,1,1,1,1,0,0,0,1,0,0,0,1,1,0,0,1,0,0,1,1,1,0,1,1,0,0,1,1,0,0,0,1,1,0
31691,0,0,0,0,0,0,1,0,0,0,0,0,0,0,0,0,0,1,0,0,0,0,0,0,0,0,0,1,0,1,0,0,0,1,0,0,0,1,0,1,0,1,0,1,1,1,0,1,0,1,0,0,0,1,0,0,1,0,1,0
31692,1,0,0,0,0,0,1,0,0,0,0,0,0,0,0,0,0,1,0,0,0,0,0,0,0,0,0,1,0,1,0,0,0,1,0,0,0,1,0,1,0,1,0,1,1,1,0,0,0,1,0,0,0,1,0,0,1,0,1,0
31693,0,1,0,1,0,0,1,0,1,0,0,0,0,0,0,1,0,1,1,0,1,0,0,1,0,0,0,1,1,1,0,0,0,0,1,1,0,1,0,0,0,1,0,1,1,1,0,0,0,1,0,0,0,1,0,0,1,0,0,0
31694,1,1,0,0,1,0,1,1,0,1,1,0,1,0,0,1,1,0,1,1,1,0,0,0,0,0,0,0,0,1,0,1,0,0,0,1,0,1,0,0,0,1,1,1,1,1,0,1,0,1,0,0,1,1,0,1,0,1,1,0
31695,0,1,0,0,0,0,1,0,0,0,0,0,0,0,0,1,0,1,0,0,1,0,0,0,0,0,0,1,0,1,0,0,0,1,0,0,0,1,0,1,0,1,0,1,1,1,0,0,0,1,0,0,0,1,0,0,1,0,1,0
31696,0,1,0,1,1,0,0,1,1,1,0,1,1,1,0,1,0,1,0,0,1,0,0,0,0,0,1,1,0,1,0,0,0,0,1,1,0,1,0,1,0,1,1,1,1,1,1,0,0,0,0,0,0,1,0,1,0,1,0,0
31697,1,1,0,1,1,0,0,1,1,1,0,1,0,0,0,1,1,1,1,0,1,0,0,1,1,0,0,0,1,1,0,1,0,0,1,0,0,1,0,0,0,1,1,0,0,1,0,0,0,0,0,0,0,0,0,1,0,1,0,1
31698,0,1,0,0,0,0,1,0,0,0,0,0,0,0,1,1,0,1,1,1,1,0,0,0,1,0,0,1,1,1,0,0,0,0,0,1,0,1,0,1,0,1,1,1,1,1,0,0,0,1,0,0,0,1,0,1,1,1,1,0
31699,0,1,0,1,0,0,1,1,1,0,0,0,0,0,0,1,0,1,0,0,1,0,0,0,0,0,0,1,0,0,0,0,0,1,0,0,0,1,0,0,0,1,0,1,1,1,0,0,0,1,0,0,0,1,0,0,1,0,1,0
31700,1,1,0,1,1,1,0,1,1,1,1,0,0,0,0,1,0,1,1,1,1,0,0,0,0,0,0,1,1,1,0,1,0,1,0,1,0,1,1,0,0,1,1,1,1,1,0,0,0,0,0,1,1,1,0,1,1,1,1,0
31701,1,1,0,1,0,0,1,0,1,0,1,0,1,1,0,1,0,1,1,0,1,0,0,0,0,0,0,1,0,1,0,0,0,0,0,0,0,1,1,0,0,1,1,1,1,1,0,0,0,1,0,0,0,1,0,1,1,0,1,0
31702,1,1,0,1,0,0,1,0,1,0,0,1,0,0,0,1,0,0,1,0,1,0,0,1,0,0,0,1,0,1,0,0,0,0,1,1,0,1,1,0,0,1,0,1,1,1,0,1,0,1,0,0,0,1,0,0,1,0,0,0
31703,1,1,0,0,1,0,1,0,0,1,0,0,0,0,1,1,0,1,1,0,1,0,0,0,0,1,0,1,0,1,0,0,0,0,0,1,0,1,0,0,0,1,0,1,1,1,0,0,0,1,0,0,1,1,0,0,1,0,1,0
31704,1,1,0,1,0,0,1,1,1,0,0,0,0,0,0,1,0,1,0,0,1,0,0,0,0,0,0,0,0,1,0,0,0,0,0,1,0,1,0,1,0,1,0,1,1,1,0,0,0,1,0,0,0,1,0,0,1,0,1,0
31705,0,0,0,0,1,0,1,1,0,1,0,0,0,1,0,0,0,0,0,1,0,0,0,0,0,0,0,1,1,1,0,0,0,0,0,1,0,1,0,0,0,1,0,1,1,1,0,0,0,0,0,0,0,1,0,0,0,0,1,0
31706,1,0,0,0,1,1,0,1,0,1,0,0,1,1,0,0,1,1,0,1,0,0,0,0,0,0,0,0,0,1,0,0,0,0,0,0,0,1,0,0,0,1,1,1,0,1,0,1,1,0,0,0,0,1,0,1,0,0,1,0
31707,1,0,0,1,1,0,1,1,1,1,0,0,0,0,0,0,1,1,1,1,0,0,0,0,0,0,0,0,1,1,0,1,0,0,0,0,0,1,1,1,0,1,1,1,1,1,0,0,1,0,0,0,0,0,0,1,0,0,1,0
31708,1,1,0,0,1,1,0,1,0,1,0,0,1,1,0,1,0,0,0,1,1,0,0,1,1,1,0,0,0,0,1,0,0,1,0,1,1,0,0,0,1,1,1,1,0,0,0,0,0,1,0,1,0,1,1,1,0,0,1,0
31709,0,0,0,1,0,0,0,1,1,0,0,0,0,1,1,0,0,0,1,1,0,0,0,0,0,0,0,0,1,1,0,0,0,1,0,1,0,1,1,0,0,1,1,1,1,1,0,0,1,1,0,0,0,1,0,1,0,0,1,0
31710,1,1,0,1,1,1,0,1,1,1,1,0,0,0,0,1,0,1,1,1,1,0,0,0,0,1,0,1,1,0,0,1,0,1,0,1,0,0,1,0,0,0,1,1,1,0,0,0,0,0,0,0,1,1,1,1,1,1,1,0
31711,1,1,0,1,0,1,0,1,1,0,0,0,1,1,1,1,0,1,1,1,1,0,0,0,0,0,0,1,1,1,0,0,0,1,0,1,0,1,1,1,0,1,1,1,1,1,0,0,0,0,0,0,0,1,0,1,1,1,1,0
31712,1,1,0,1,1,1,0,1,1,1,1,0,0,1,0,1,0,1,1,1,1,0,0,0,0,0,0,0,1,0,0,0,0,1,0,1,0,0,1,1,0,0,1,1,1,0,0,0,0,0,0,0,0,1,1,1,1,1,1,0
31713,1,1,0,1,0,1,0,1,1,0,0,0,1,1,0,1,0,1,1,1,1,0,0,0,0,0,0,0,0,1,0,0,0,1,0,1,0,1,0,0,0,1,1,1,1,1,0,0,1,0,0,0,0,1,0,1,0,1,1,0
31714,1,1,0,1,0,0,1,1,1,0,0,0,0,0,0,1,0,1,0,0,1,0,0,0,0,0,0,1,1,1,0,0,0,0,0,1,0,1,0,0,0,1,0,1,1,1,0,0,0,1,0,0,0,1,0,0,1,0,1,0
31715,1,1,0,1,1,1,0,0,1,1,0,0,0,1,0,1,0,1,1,1,1,0,0,1,0,1,0,1,1,1,0,0,0,0,0,1,0,1,0,1,0,0,1,1,1,1,0,1,0,0,0,0,1,1,0,1,1,1,1,0
31716,0,1,0,1,0,1,0,1,1,0,0,0,0,0,0,1,0,1,1,1,1,0,0,1,0,1,0,0,0,1,0,1,0,0,0,1,0,1,0,0,0,0,1,1,1,1,0,1,1,0,0,0,1,1,0,1,1,1,1,0
31717,0,1,0,0,1,1,0,1,0,1,1,1,1,1,0,1,0,0,0,1,1,0,0,0,1,0,0,0,0,0,1,0,0,1,1,1,1,0,0,0,0,1,1,1,1,0,0,0,0,1,0,1,1,1,1,1,0,0,0,0
31718,1,0,0,1,1,1,0,1,1,1,0,0,0,0,1,0,0,1,1,1,0,0,0,0,0,0,0,1,1,1,0,1,0,1,0,0,0,1,1,0,0,1,1,1,1,1,0,0,1,0,0,0,1,1,0,1,1,1,1,0
31719,1,1,0,1,0,1,0,1,1,0,1,0,0,0,1,1,0,1,1,1,1,0,0,0,0,1,0,1,1,0,0,1,0,1,0,1,0,0,1,0,0,1,1,1,1,0,0,0,0,0,0,0,1,1,1,1,1,1,1,0
31720,0,1,0,1,1,0,1,1,1,1,0,0,1,0,1,1,1,1,1,1,1,0,0,0,0,0,0,0,1,1,0,1,0,0,0,1,0,1,0,0,0,1,0,1,1,1,1,1,0,1,1,0,0,1,0,0,0,0,1,0
31721,0,1,0,0,0,0,0,0,0,0,0,0,1,1,1,1,1,0,1,0,1,0,0,0,0,0,1,0,1,0,0,0,0,0,0,1,0,1,0,0,0,1,0,1,0,1,1,0,1,1,0,0,1,1,0,1,0,1,1,0
31722,1,1,0,1,0,0,1,1,1,0,1,0,1,0,0,1,0,1,1,0,1,0,0,0,0,0,1,0,0,1,0,1,0,0,0,0,0,1,0,0,0,1,1,1,1,1,1,1,0,1,0,0,0,1,0,1,1,0,1,0
31723,1,1,0,1,1,0,1,0,1,1,0,1,0,1,1,1,1,1,1,1,1,0,0,0,0,1,1,0,0,1,0,0,0,0,1,1,0,1,0,0,1,1,1,0,1,1,1,1,0,1,0,0,1,1,0,1,1,1,0,0
31724,1,1,0,1,0,0,0,0,1,0,0,0,0,1,0,1,1,1,1,1,1,0,0,0,0,0,1,0,1,1,0,0,0,0,0,0,0,1,0,0,0,1,0,0,1,1,1,1,0,1,0,0,1,1,0,0,0,0,1,0
31725,0,1,0,0,0,0,0,0,0,0,0,0,1,1,1,1,1,0,1,0,1,0,0,0,0,0,1,0,0,1,0,0,0,0,0,1,0,1,0,1,0,1,1,1,1,1,1,0,1,1,0,0,1,1,0,1,0,1,1,0
31726,1,1,0,1,0,0,1,0,1,0,1,0,1,0,1,1,0,1,1,0,1,0,0,0,0,0,1,1,1,1,0,1,0,0,0,0,0,1,1,1,0,1,1,1,1,1,1,1,1,1,0,0,0,1,0,1,1,0,1,0
31727,1,1,0,1,0,0,1,1,1,0,1,0,1,0,1,1,0,1,1,0,1,0,0,0,0,0,1,1,0,1,0,1,0,0,0,0,0,1,0,1,0,1,1,1,1,1,1,1,1,1,0,0,0,1,0,1,1,0,1,0
31728,1,1,0,1,1,0,0,1,1,1,0,0,0,0,0,1,0,1,0,1,1,0,0,0,0,0,1,0,1,1,1,1,0,1,0,0,1,1,0,0,0,1,1,0,1,1,1,0,0,1,1,1,1,0,0,1,0,0,1,1
31729,1,1,0,1,1,0,0,1,1,1,0,0,0,0,1,1,0,1,1,1,1,0,0,0,0,0,1,0,1,1,1,1,0,1,0,0,1,1,0,0,0,1,1,0,1,1,1,1,0,1,1,1,1,0,0,1,0,0,1,1
31730,1,1,0,1,1,0,0,1,1,1,0,0,0,0,0,1,0,1,1,1,1,0,0,0,0,0,1,0,1,1,1,1,0,1,0,0,1,1,0,0,0,1,1,0,1,1,1,0,0,1,0,1,1,0,0,1,0,0,1,1
31731,0,1,0,1,0,1,0,0,1,0,0,0,0,0,0,1,0,1,1,1,1,0,0,1,0,1,0,0,0,0,0,1,0,0,0,1,0,0,1,1,0,1,1,1,1,0,0,0,0,0,0,0,1,1,1,1,1,1,1,0
31732,1,1,0,0,1,1,0,1,0,1,1,0,1,1,1,1,0,0,0,1,1,0,0,0,0,0,0,0,0,1,1,0,0,0,0,1,1,1,0,0,0,1,1,1,1,1,0,0,0,1,0,1,1,1,0,1,1,0,1,0
31733,1,1,0,1,0,0,1,1,1,0,1,0,0,1,0,1,0,1,1,1,1,0,0,0,0,0,0,1,0,1,0,0,0,0,1,1,0,1,0,1,0,1,0,1,1,1,0,1,0,1,0,0,0,1,0,0,1,0,0,0
31734,1,1,0,1,0,0,1,0,1,0,0,0,0,0,0,1,0,1,1,0,1,0,0,0,0,0,0,1,0,1,0,0,0,0,0,1,0,1,0,0,0,1,0,1,1,1,0,0,0,0,0,0,0,1,0,0,1,0,1,0
31735,1,0,0,0,1,1,1,1,0,1,0,0,1,0,1,0,0,0,1,0,0,0,0,0,0,0,0,1,0,1,0,0,0,0,0,0,0,1,0,1,0,1,0,1,1,1,0,0,0,0,1,0,0,1,0,0,0,0,1,0
31736,0,1,0,0,0,1,0,1,0,0,0,0,1,0,0,1,0,0,1,1,1,0,0,1,1,0,0,0,0,0,0,1,0,1,0,1,0,0,0,0,0,1,1,1,1,0,0,1,0,1,0,0,0,1,1,1,0,0,1,0
31737,1,1,0,0,0,0,0,1,0,0,0,0,1,1,0,1,0,0,0,1,1,0,0,0,1,0,0,0,0,1,0,0,0,1,0,1,0,1,0,1,0,1,1,1,1,1,0,1,0,1,0,0,1,1,0,1,0,0,1,0
31738,1,1,0,0,0,0,1,0,0,0,1,0,0,0,0,1,0,0,1,0,1,0,0,0,0,1,0,1,0,0,0,0,0,1,0,0,0,0,0,1,0,1,0,1,1,0,0,1,0,1,0,0,0,1,1,0,1,0,1,0
31739,0,1,0,0,0,0,1,0,0,0,0,0,0,0,0,1,0,1,0,0,1,0,0,0,0,0,0,1,0,1,0,0,0,1,0,0,0,1,0,0,0,1,0,1,1,1,0,0,0,1,0,0,0,1,0,0,1,0,1,0
31740,0,1,0,0,0,0,1,0,0,0,0,0,0,0,0,1,0,1,0,0,1,0,0,0,0,0,0,1,0,1,0,0,0,1,0,0,0,1,0,1,0,0,0,1,1,1,0,0,0,1,0,0,0,1,0,0,1,0,1,0
31741,0,1,0,0,0,0,1,0,0,0,0,0,0,0,0,1,0,1,0,0,1,0,0,1,0,0,0,1,1,1,0,0,0,1,0,0,0,1,0,0,0,1,0,1,1,1,0,0,0,1,0,0,0,1,0,0,1,0,1,0
31742,1,1,0,0,0,0,1,0,0,0,0,0,0,1,0,1,1,0,0,1,1,0,0,0,1,0,0,0,0,0,0,0,0,0,0,1,0,0,0,1,0,1,1,1,1,0,0,1,0,0,1,0,0,1,1,1,1,0,1,0
31743,1,1,0,0,0,0,1,0,0,0,0,0,0,0,1,1,0,1,1,1,1,0,0,0,1,0,0,1,1,0,0,0,0,0,0,1,0,0,0,1,0,1,0,1,1,0,0,1,0,1,0,0,0,1,1,0,1,0,1,0
31744,1,1,0,0,0,0,0,0,0,0,0,0,0,0,0,1,1,1,1,1,1,0,0,0,0,0,1,0,0,0,0,1,0,0,0,1,0,0,0,1,0,1,1,1,1,0,1,1,0,1,0,0,0,1,0,1,0,1,1,0
31745,0,1,0,0,1,0,0,1,0,1,1,0,1,1,0,1,1,0,0,0,1,0,0,0,0,0,1,0,0,0,0,0,0,0,0,1,0,0,0,1,1,1,0,1,1,0,1,0,1,1,0,0,1,1,1,1,0,1,1,0
31746,0,1,0,0,1,0,1,1,0,1,1,0,1,1,0,1,0,0,0,1,1,0,0,0,0,0,0,0,0,0,0,0,0,0,0,1,0,0,0,1,0,1,1,1,1,0,0,1,0,1,0,0,1,1,1,1,0,1,1,0
31747,1,1,0,0,1,0,1,1,0,1,1,0,1,0,0,1,1,0,0,1,1,0,0,0,0,0,0,0,0,0,0,1,0,0,0,1,0,0,0,1,0,1,0,1,1,0,0,1,0,1,0,0,1,1,1,1,0,1,1,0
31748,0,1,0,0,1,1,0,0,0,1,0,0,1,1,0,1,0,0,0,1,1,0,0,1,1,0,0,0,0,0,1,0,0,0,0,1,1,0,0,0,0,1,0,1,0,0,0,0,0,1,0,1,1,1,1,0,0,0,1,0
31749,0,1,0,1,0,0,0,1,1,0,0,0,0,1,1,1,0,1,0,1,1,0,0,1,0,0,1,0,0,0,0,0,0,0,1,1,0,0,1,0,0,1,1,1,1,0,1,0,0,0,0,0,1,0,1,1,0,0,0,0
31750,0,1,0,0,1,1,0,1,0,1,0,0,1,1,0,1,0,0,0,1,1,0,0,1,0,1,0,1,0,0,1,0,0,1,0,1,1,0,0,1,0,1,1,1,1,0,0,0,0,1,0,1,1,1,1,1,0,0,1,0
31751,1,1,0,0,1,1,0,1,0,1,0,0,1,1,0,1,0,1,0,1,1,0,0,0,0,1,0,1,0,0,0,0,0,0,0,1,0,0,0,1,0,1,1,1,1,0,0,0,0,0,0,0,0,1,1,1,0,0,1,0
31752,0,1,0,0,1,1,0,1,0,0,1,0,1,1,0,1,1,1,0,1,1,0,0,1,0,0,0,1,0,0,0,0,0,0,0,0,0,0,0,0,0,1,1,1,1,0,0,0,0,0,0,0,0,1,0,1,0,0,1,0
31753,1,1,0,0,1,1,0,1,0,1,0,0,1,1,0,1,0,0,0,1,1,0,0,1,0,0,0,0,0,1,1,0,0,0,0,1,1,1,0,1,1,1,1,1,0,1,0,1,1,1,0,1,1,1,0,1,0,0,1,1
31755,0,1,0,0,1,0,0,1,0,1,0,0,1,1,0,1,0,1,1,0,1,0,0,0,0,0,0,1,0,1,0,0,0,1,0,0,0,1,0,0,0,1,0,1,1,1,0,1,1,1,0,0,0,1,0,0,0,0,1,0
31756,0,1,0,0,1,0,1,1,0,1,0,0,0,1,0,1,0,1,0,1,1,0,0,0,0,0,0,1,0,1,0,0,0,0,0,1,0,1,0,1,0,1,0,1,1,1,0,1,0,0,0,0,0,1,0,0,1,0,1,0
31757,0,1,0,0,1,0,1,1,0,1,0,0,1,1,0,1,0,1,0,1,1,0,0,0,0,0,0,0,1,1,0,0,0,0,0,0,0,1,0,0,0,1,1,1,1,1,0,1,1,0,0,0,0,1,0,1,1,0,1,0
31758,1,1,0,0,1,0,0,1,0,1,0,0,0,1,0,1,0,1,1,0,1,0,0,1,0,0,0,0,0,1,0,0,0,1,0,0,0,1,0,0,0,0,0,1,1,1,0,1,1,1,0,0,0,1,0,0,0,0,1,0
31759,1,1,0,1,0,0,0,1,1,0,0,0,0,1,0,1,0,0,0,1,1,0,0,0,0,0,1,0,0,0,0,0,0,0,1,1,0,0,0,0,0,1,1,1,1,0,1,0,0,0,0,0,1,0,1,1,0,0,0,0
31760,0,1,0,0,1,1,0,1,0,1,1,0,1,1,0,1,0,0,0,1,1,0,0,1,0,1,0,1,0,1,1,0,0,0,0,1,1,1,0,1,0,1,1,1,0,1,0,0,1,1,0,1,1,1,0,1,0,0,1,1
31761,1,1,0,0,1,1,0,1,0,1,0,0,1,0,0,1,0,1,0,1,1,0,0,0,0,0,0,0,0,0,0,1,0,0,0,1,0,0,0,1,0,0,0,1,1,0,0,0,1,1,0,0,0,1,1,1,0,0,1,0
31762,0,1,0,1,0,1,0,0,1,0,0,0,1,1,0,1,0,1,0,1,1,0,0,0,0,0,0,0,0,0,0,0,0,1,0,1,0,0,0,1,0,1,1,1,1,0,0,0,1,0,0,0,0,1,1,1,0,1,1,0
31763,1,1,0,0,1,0,1,0,0,1,0,0,1,1,0,1,0,0,1,0,1,0,0,0,0,0,1,1,1,0,0,0,0,0,0,1,0,0,0,0,0,1,1,1,1,0,1,0,1,1,0,0,0,1,1,1,0,0,1,0
31764,0,1,0,0,1,0,1,0,0,1,1,0,0,1,0,1,0,0,1,0,1,0,0,1,0,0,1,0,0,1,0,0,0,0,0,0,0,1,0,1,0,1,0,1,1,1,1,1,0,0,0,0,0,1,0,0,0,0,1,0
31765,1,1,0,0,1,1,0,1,0,1,0,0,1,0,0,1,0,1,1,1,1,0,0,0,0,0,0,1,0,0,0,1,0,0,0,1,0,0,0,1,0,1,1,1,1,0,0,1,0,0,0,0,0,1,1,1,0,0,1,0
31766,0,1,0,0,1,1,0,1,0,1,1,0,1,1,0,1,1,1,0,1,1,0,0,0,0,0,0,0,1,1,0,0,0,0,0,0,0,1,0,0,0,1,1,1,0,1,0,0,1,0,0,0,0,1,0,1,0,0,1,0
31767,1,1,0,0,1,0,1,1,0,1,0,0,0,0,0,1,0,1,0,1,1,0,0,0,0,1,0,0,1,1,0,0,0,0,0,0,0,1,0,0,0,1,0,1,1,0,0,1,0,1,0,0,0,1,0,0,0,0,1,0
31768,0,0,0,0,1,0,1,1,0,1,0,0,0,0,1,0,0,1,1,1,0,0,0,0,0,0,0,0,1,0,0,0,0,0,0,1,0,0,0,0,0,0,0,1,1,0,0,0,0,1,0,0,0,1,1,0,1,1,1,0
31769,1,1,0,0,1,1,0,1,0,1,0,0,1,1,1,1,1,0,0,1,1,0,0,0,0,0,0,0,0,0,0,0,0,0,0,0,0,0,0,0,0,0,0,1,1,0,0,0,0,1,0,0,0,1,1,0,0,0,1,0
31770,0,1,0,1,0,1,0,1,1,0,0,0,1,1,0,1,0,1,1,1,1,0,0,0,0,0,0,0,0,0,0,0,0,1,0,1,0,0,0,1,0,1,1,1,1,0,0,0,1,0,0,0,0,1,1,1,0,1,1,0
31771,0,1,0,1,0,1,0,1,1,0,0,0,1,0,0,1,0,1,1,1,1,0,0,0,0,1,0,0,0,0,0,1,0,1,0,1,0,0,0,1,0,1,1,1,1,0,0,0,1,0,0,0,0,1,1,1,0,1,1,0
31772,1,1,0,1,0,0,0,1,1,0,0,0,0,0,0,1,0,1,1,1,1,0,0,0,0,0,1,0,0,0,0,1,0,0,0,1,0,0,0,0,0,1,0,1,1,0,1,0,0,1,0,0,0,1,1,1,1,0,1,1
31773,1,1,0,1,0,0,1,0,1,0,0,1,0,0,0,1,0,1,1,0,1,0,0,1,0,0,0,1,1,1,0,0,0,0,1,1,0,1,0,0,0,1,0,1,1,1,0,0,0,1,0,0,0,1,0,0,1,0,0,0
31774,0,0,0,1,0,0,1,0,1,0,0,1,0,0,0,0,0,0,0,0,0,0,0,0,0,0,1,0,1,0,0,1,0,0,1,0,0,0,0,1,0,1,1,1,1,0,1,0,0,0,0,0,0,0,1,1,0,1,0,1
31775,1,1,0,1,0,0,1,0,1,0,0,1,0,0,0,1,0,1,1,0,1,0,0,0,0,0,0,0,0,1,0,0,0,0,1,1,0,1,1,0,0,0,0,1,1,1,0,1,0,1,0,0,0,1,0,0,1,0,0,0
31777,0,1,0,1,0,0,1,1,1,0,0,0,0,0,0,1,0,1,0,0,1,0,0,0,0,0,0,1,0,1,0,0,0,1,0,0,0,1,0,0,0,1,0,1,1,1,0,0,0,1,0,0,0,1,0,0,1,0,1,0
31778,1,1,0,1,0,0,1,0,1,0,0,0,0,0,0,1,0,1,0,0,1,0,0,1,0,0,0,0,1,1,0,0,0,0,1,1,0,1,0,0,0,1,0,1,1,1,0,0,0,1,0,0,0,1,0,0,1,0,0,0
31779,0,1,0,0,1,0,0,0,0,1,1,0,0,0,0,1,1,1,0,0,1,0,0,0,0,0,1,1,0,1,0,0,0,0,0,0,0,1,0,1,0,1,0,1,1,1,1,1,0,0,1,0,0,0,0,0,0,0,1,1
31781,1,1,0,1,0,0,0,0,1,0,0,0,0,1,0,1,0,1,1,0,1,0,0,1,0,0,1,0,1,0,0,0,0,0,0,1,0,0,0,0,0,1,1,1,1,0,1,0,0,0,1,0,0,1,1,1,0,1,1,0
31782,0,0,0,1,0,0,1,0,1,0,0,1,0,0,0,0,0,0,1,0,0,0,0,0,0,0,1,0,1,0,0,1,0,0,1,0,0,0,0,1,0,1,1,1,1,0,1,1,0,0,0,0,0,0,1,1,0,1,0,1
31783,1,1,0,1,0,0,0,1,1,0,0,0,0,0,0,1,0,1,1,1,1,0,0,0,0,0,1,1,0,0,0,1,0,0,0,1,0,0,1,0,0,1,1,1,1,0,1,0,0,1,0,0,0,1,1,1,1,0,1,1
31784,1,1,0,1,0,0,1,1,1,0,0,0,0,0,0,1,0,1,1,0,1,0,0,0,0,0,0,1,0,0,0,0,0,0,0,1,0,0,0,0,0,1,0,1,1,0,0,0,0,1,0,0,0,1,1,0,1,0,1,0
31785,0,1,0,1,0,0,0,1,1,0,1,1,1,0,1,1,1,1,1,1,1,0,0,0,0,0,1,0,1,0,0,1,0,0,1,0,0,0,1,1,0,1,0,1,1,0,1,0,0,1,0,0,0,1,1,1,0,0,0,0
31786,1,1,0,1,1,0,0,0,1,1,0,0,0,0,0,1,1,0,0,0,1,0,0,0,1,0,0,0,1,0,0,1,0,0,1,0,0,0,0,1,0,1,1,0,1,0,0,0,0,0,0,0,0,0,1,1,0,1,0,1
31787,1,1,0,1,1,0,0,0,1,1,0,1,0,1,0,1,1,0,0,0,1,0,0,0,1,0,0,0,0,0,0,0,0,0,1,0,0,0,0,1,0,1,1,0,1,0,0,0,0,0,0,0,0,0,1,1,0,1,0,1
31788,1,1,0,1,1,0,0,0,1,1,0,1,0,0,0,1,1,1,0,0,1,0,0,0,0,0,0,0,1,0,0,1,0,0,1,0,0,0,1,1,0,1,1,0,1,0,0,0,0,1,0,0,0,0,1,1,0,1,0,1
31789,1,1,0,1,1,0,0,0,1,1,0,0,0,0,0,1,1,1,0,0,1,0,0,0,1,0,0,0,1,0,0,1,0,0,1,0,0,0,0,1,0,1,1,0,1,0,0,0,0,1,0,0,0,0,1,1,0,1,0,1
31790,1,1,0,1,1,0,0,1,1,1,0,1,0,1,0,1,1,1,0,0,1,0,0,0,1,0,0,0,1,0,0,0,0,0,1,0,0,0,0,1,0,1,1,0,1,0,0,0,0,0,0,0,0,0,1,1,0,1,0,1
31791,1,1,0,1,1,0,0,1,1,1,0,1,0,0,0,1,1,0,0,0,1,0,0,0,1,1,0,0,1,0,0,1,0,0,1,0,0,0,0,1,0,1,1,0,1,0,0,0,0,1,0,0,0,0,1,1,0,1,0,1
31792,1,1,0,1,1,1,0,0,1,1,1,0,0,0,0,1,0,1,1,1,1,0,0,0,0,0,0,1,0,1,0,1,0,1,0,1,0,1,1,0,0,1,1,1,1,1,0,0,0,0,0,1,1,1,0,1,1,1,1,0
31793,0,1,0,1,1,0,0,1,1,1,0,1,1,0,0,1,0,0,0,0,1,0,0,0,0,0,1,1,0,1,0,1,0,0,1,1,0,1,0,1,1,1,0,1,1,1,1,0,0,0,0,0,0,1,0,1,0,1,0,0
31794,1,1,0,1,1,0,0,1,1,1,0,1,0,1,0,1,1,0,1,1,1,0,0,0,1,0,0,0,1,0,0,0,0,0,1,0,0,0,0,1,0,1,1,0,1,0,0,0,0,0,0,0,0,0,1,1,0,1,0,1
31795,0,1,0,1,1,0,0,0,1,1,0,1,1,1,0,1,0,0,0,0,1,0,0,0,0,0,1,0,0,0,0,0,0,0,1,1,0,0,0,1,1,1,0,1,1,0,1,1,0,0,0,0,0,1,1,1,0,1,0,0
31796,0,1,1,1,1,0,0,0,1,1,0,1,0,1,0,1,1,1,0,0,1,1,0,0,0,0,1,0,1,1,1,0,1,0,1,0,1,1,0,1,0,1,0,0,0,1,1,1,0,0,1,1,0,0,0,0,0,1,0,1
31797,0,1,0,1,1,0,0,0,1,1,0,1,1,0,0,1,0,0,0,0,1,0,0,0,0,0,1,0,1,1,0,1,0,0,1,1,0,1,0,0,1,1,1,1,1,1,1,0,0,0,0,0,0,1,0,1,0,1,0,0
31798,1,0,0,1,1,0,0,1,1,1,0,1,0,0,0,0,0,0,1,1,0,0,1,0,0,0,0,0,1,0,0,1,0,1,1,0,0,0,0,1,0,1,1,1,1,0,0,1,0,1,0,0,0,1,1,1,0,0,0,0
31799,0,1,0,1,1,0,0,1,1,1,1,1,0,1,1,1,1,1,0,0,1,0,0,0,0,0,1,0,0,0,0,0,0,0,1,0,0,0,0,0,0,1,0,1,1,0,1,0,0,0,1,0,0,0,1,1,0,1,0,1
31800,0,1,0,1,1,0,0,0,1,1,0,1,1,1,0,1,0,1,0,0,1,0,0,0,0,0,1,0,1,0,0,0,0,0,1,1,0,0,0,1,1,1,1,1,1,0,1,0,0,0,0,0,0,1,1,1,0,1,0,0
31801,0,1,0,1,1,0,1,1,1,1,1,0,1,0,0,1,1,1,1,0,1,0,0,0,0,0,0,1,1,0,0,1,0,0,0,1,0,0,1,0,0,1,1,1,1,0,0,0,0,1,1,0,0,1,0,1,0,0,1,0
31802,0,0,0,1,1,0,1,1,1,1,0,1,1,1,0,0,0,0,0,1,0,0,0,0,1,0,0,0,0,0,0,0,0,0,1,1,0,0,1,1,0,1,0,1,1,0,0,0,0,1,0,0,0,1,1,0,0,0,0,1
31803,0,1,0,1,1,1,0,1,1,1,0,1,1,1,0,1,0,1,1,1,1,0,0,0,0,0,0,0,1,0,0,0,0,0,1,1,0,0,0,0,0,1,0,1,1,0,0,0,1,0,0,0,0,1,1,1,0,0,0,0
31804,0,1,0,1,1,0,0,0,1,1,0,1,1,0,0,1,0,1,0,0,1,0,0,0,0,0,1,0,1,0,0,1,0,0,1,1,0,0,0,1,0,1,1,1,1,0,1,1,0,0,0,0,0,1,1,1,0,1,0,0
31805,0,0,0,1,1,0,1,0,1,1,0,0,0,1,0,0,1,1,0,0,0,0,0,0,0,0,1,1,0,0,0,0,0,0,0,0,0,0,1,1,0,1,0,1,1,0,1,0,1,1,0,0,0,0,1,0,0,0,1,0
31806,1,1,0,1,1,1,1,1,1,1,0,0,1,1,0,1,0,1,1,0,1,0,0,0,0,0,0,0,1,0,0,0,0,0,0,0,0,0,1,1,0,1,1,1,1,0,0,0,0,0,0,0,1,0,1,1,0,1,1,0
31807,0,1,0,1,1,0,0,0,1,1,0,1,1,0,0,1,0,0,0,0,1,0,0,0,0,0,1,0,0,1,0,1,0,0,1,1,0,1,0,1,0,1,1,1,1,1,1,1,0,0,0,0,0,1,0,1,0,1,0,0
31808,1,1,0,1,1,1,1,1,1,1,0,0,1,1,0,1,0,1,1,0,1,0,0,0,0,0,0,0,1,0,0,0,0,0,0,0,0,0,0,1,0,1,0,1,1,0,0,0,0,0,0,0,1,0,1,1,0,1,1,0
31809,0,1,0,1,1,0,0,0,1,1,0,1,1,0,0,1,0,1,0,0,1,0,0,0,0,0,1,1,1,0,0,1,0,0,1,1,0,0,1,0,1,1,1,1,1,0,1,1,0,1,0,0,0,1,1,1,0,1,0,0
31810,1,1,0,1,1,1,0,1,1,1,1,0,1,1,1,1,0,0,1,1,1,0,0,1,1,1,0,1,0,1,1,0,0,0,0,1,1,1,1,0,1,1,1,1,0,1,0,0,1,1,0,1,1,1,0,1,0,0,1,1
31811,0,1,0,1,1,0,0,1,1,1,0,0,0,0,1,1,1,1,1,1,1,0,0,0,0,0,1,0,1,1,1,1,0,0,0,0,1,1,1,1,0,0,1,0,1,1,1,1,0,1,0,1,1,0,0,1,1,0,1,1
31812,0,1,0,1,1,0,1,1,1,1,1,1,0,1,0,1,0,1,1,1,1,0,0,1,0,1,1,1,1,0,0,0,0,0,1,0,0,0,0,1,0,1,1,0,1,0,1,1,0,1,0,0,0,0,1,1,0,1,0,0
31813,0,1,0,1,1,0,1,1,1,1,0,0,1,0,0,1,1,1,1,1,1,0,0,0,0,1,0,1,1,1,0,1,0,0,0,1,0,1,1,0,0,1,0,1,1,1,1,1,0,1,1,0,0,1,0,0,0,0,1,0
31814,0,1,0,1,1,0,1,1,1,1,0,0,1,0,1,1,1,1,1,1,1,0,0,0,0,0,0,1,1,1,0,1,0,0,0,1,0,1,1,0,0,1,0,1,1,1,1,1,0,1,1,0,0,1,0,0,0,0,1,0
31815,0,1,0,1,1,0,0,0,1,1,0,1,0,0,0,1,1,1,1,1,1,0,0,0,0,0,1,0,1,0,0,1,0,0,1,0,0,0,1,1,0,1,1,1,1,0,1,0,0,1,0,0,0,0,1,1,0,1,0,1
31816,0,1,0,1,1,0,0,1,1,1,0,0,1,1,0,1,0,0,1,1,1,0,0,0,0,0,1,1,1,0,0,0,0,1,0,0,0,0,0,1,0,1,0,0,1,0,1,0,1,1,0,0,1,1,1,0,0,1,1,0
31817,0,0,0,1,1,0,1,0,1,1,0,0,1,1,0,0,0,1,0,0,0,0,0,0,0,0,1,0,1,0,1,0,0,1,0,1,1,0,1,1,0,0,0,1,1,0,1,0,1,0,1,1,0,1,1,1,0,1,1,0
31867,0,1,0,1,0,0,1,0,1,0,1,0,0,0,0,1,0,1,0,1,1,0,0,0,0,0,0,1,1,1,0,0,0,0,1,1,0,1,0,1,0,1,0,1,1,1,0,0,0,1,0,0,0,1,0,0,1,0,0,0
31917,1,1,0,1,0,0,1,0,1,0,0,0,0,0,0,1,0,1,1,1,1,0,0,0,0,0,0,1,0,1,0,0,0,0,0,1,0,1,0,0,0,1,0,1,1,1,0,0,0,1,0,0,0,1,0,0,1,0,1,0
31943,0,1,0,1,1,1,0,1,1,1,1,0,0,1,1,1,1,1,1,1,1,0,0,0,0,0,0,0,1,1,0,0,0,0,0,0,0,1,1,1,0,1,1,1,1,1,0,0,1,1,0,0,0,1,0,1,1,1,1,0
31944,0,1,0,1,0,1,0,1,1,0,0,0,0,0,1,1,0,1,1,1,1,0,0,1,0,1,0,0,1,1,0,1,0,0,0,1,0,1,0,1,0,0,1,1,1,1,0,0,0,0,0,0,1,1,0,1,1,1,1,0
31945,0,1,0,1,0,1,0,1,1,0,0,0,0,0,1,1,0,1,1,1,1,0,0,1,0,0,0,0,1,1,0,1,0,0,0,1,0,1,1,1,0,0,1,1,1,1,0,0,0,0,0,0,1,1,0,1,1,1,1,0
31946,0,1,0,1,1,0,0,1,1,1,1,1,1,0,1,1,1,1,1,1,1,0,0,0,0,0,1,0,1,1,0,1,0,0,1,1,0,1,0,1,0,1,1,0,1,1,1,1,0,1,0,0,1,1,0,1,0,1,0,0
31947,1,1,0,1,0,1,0,0,1,0,0,0,0,0,0,1,0,1,1,1,1,0,0,1,0,1,0,0,0,0,0,1,0,0,0,1,0,0,0,1,0,0,1,1,1,0,0,1,0,0,0,0,1,1,1,1,0,1,1,0
31951,1,1,0,0,1,0,0,1,0,1,1,0,1,1,0,1,0,0,0,1,1,0,0,1,1,1,0,0,0,1,1,0,0,0,0,1,1,1,0,0,1,1,1,1,0,1,0,0,1,1,0,1,1,1,0,1,0,0,1,1
31952,1,1,0,0,1,0,0,0,0,1,0,0,1,0,0,1,0,1,1,0,1,0,0,1,0,0,0,0,0,1,0,0,0,0,0,1,0,1,0,0,0,1,0,1,1,1,0,1,0,1,0,0,0,1,0,0,0,0,1,0
31953,1,1,0,1,1,1,0,1,1,1,0,0,1,0,0,1,0,1,1,0,1,0,0,0,1,0,0,1,1,1,0,0,0,0,0,0,0,1,1,0,0,1,1,1,1,1,1,0,0,0,0,0,1,1,0,1,0,0,1,0
31954,1,1,0,0,1,0,1,0,0,1,0,0,0,0,0,1,0,0,1,1,1,0,0,0,0,0,0,0,1,1,0,0,0,0,0,0,0,1,0,0,0,1,0,1,1,1,0,0,1,1,0,0,1,1,0,0,0,0,1,0
31955,0,1,0,0,1,0,1,1,0,1,0,0,0,1,0,1,0,1,1,0,1,0,0,0,1,0,0,0,0,1,0,0,0,0,0,0,0,1,0,1,0,1,0,1,1,1,0,0,0,0,0,0,1,1,0,0,1,0,1,0
31966,0,1,0,1,1,0,0,1,1,1,0,0,0,1,0,1,0,0,0,0,1,0,0,1,0,0,1,1,1,1,0,0,0,0,0,0,0,1,1,0,1,1,0,1,1,1,1,0,0,1,0,0,0,1,0,0,0,1,1,1
31967,1,1,0,0,1,1,0,1,0,1,1,0,1,0,0,1,0,1,1,1,1,0,0,0,0,0,0,1,0,1,1,1,0,0,0,1,1,1,0,0,0,1,1,1,1,1,0,0,0,0,0,1,0,1,0,1,0,0,1,0
31968,0,1,0,1,1,0,1,1,1,1,0,0,0,1,0,1,0,0,0,0,1,0,0,0,0,0,1,1,1,1,0,0,0,0,1,0,0,1,1,1,1,1,1,1,1,1,1,0,0,0,0,0,0,0,0,1,0,0,0,1
31969,1,1,0,0,1,1,0,1,0,1,1,0,1,1,0,1,0,1,0,1,1,0,0,0,0,0,0,0,0,1,0,0,0,1,0,1,0,1,0,0,0,1,1,1,1,1,0,0,0,0,0,0,0,1,0,1,0,1,1,0
31970,0,1,0,1,0,0,0,1,1,0,0,0,0,0,0,1,0,0,1,0,1,0,0,0,1,0,1,0,1,0,0,1,0,0,0,0,0,1,0,0,0,1,1,1,1,1,1,1,0,0,0,0,0,1,0,1,0,1,1,0
31971,0,1,0,0,1,0,1,0,0,1,0,0,0,0,0,1,0,1,1,1,1,0,0,0,1,1,0,1,1,0,1,0,1,0,0,0,1,1,0,0,0,1,0,1,1,1,0,1,0,0,0,1,0,1,0,0,1,0,1,1
31972,0,0,0,1,1,0,0,0,1,1,0,0,0,1,0,0,0,1,0,1,0,0,0,0,0,0,1,1,1,1,1,0,0,0,0,0,1,1,0,0,0,0,1,1,0,1,1,0,0,0,0,1,0,0,0,1,0,1,1,1
31973,0,1,0,0,1,0,0,1,0,1,0,0,0,1,0,1,1,1,1,0,1,0,0,0,0,0,1,0,1,1,1,0,1,0,0,1,1,1,0,1,0,1,1,1,1,1,1,0,0,0,0,1,0,1,0,1,0,1,1,0
31974,0,1,0,0,1,0,0,0,0,1,0,0,0,1,0,1,1,1,1,0,1,0,0,0,0,0,1,0,1,1,1,0,0,0,0,1,1,1,0,1,0,1,1,1,1,1,1,0,0,0,0,1,0,1,0,1,0,1,1,0
31975,0,1,0,1,1,0,0,1,1,1,0,1,1,0,0,1,0,0,0,1,1,0,1,0,0,0,1,0,1,1,0,1,0,1,1,0,0,1,0,1,0,1,1,1,1,1,1,0,0,1,0,0,0,1,0,1,0,0,0,0
31976,1,1,0,0,0,0,1,0,0,0,0,0,0,0,0,1,0,0,1,0,1,0,0,0,0,0,0,1,0,0,0,0,1,1,0,0,0,1,0,1,0,1,0,1,1,1,0,1,0,1,0,0,0,1,0,0,0,0,1,0
31977,1,1,0,1,0,0,1,1,1,0,0,0,1,1,0,1,0,1,1,0,1,0,0,1,0,0,1,0,1,1,0,0,0,0,0,0,0,1,1,1,0,1,1,1,1,1,1,0,0,1,0,0,0,1,0,1,0,0,1,0
31978,1,1,0,1,1,0,0,0,1,1,0,0,0,1,0,1,0,0,1,1,1,0,0,0,1,0,0,0,1,1,1,0,0,0,0,0,1,1,0,1,0,1,0,1,1,1,0,0,0,0,0,1,0,0,0,0,0,1,1,1
31979,1,1,0,1,1,0,0,0,1,1,0,1,1,0,0,1,0,1,1,1,1,0,0,0,1,1,1,0,1,0,1,1,1,0,1,0,1,1,0,1,0,1,0,1,1,1,1,0,0,0,1,1,0,1,0,1,0,1,0,1
31980,0,0,0,1,0,0,1,0,1,0,0,1,0,0,0,0,0,0,1,0,0,0,0,0,0,0,1,0,1,1,0,1,0,0,1,0,0,1,1,0,0,1,1,1,1,1,1,0,0,0,0,0,0,0,0,1,0,1,0,1
31981,0,0,0,1,0,0,1,0,1,0,0,1,0,0,0,0,0,0,1,0,0,0,0,0,0,0,1,0,1,1,0,1,0,0,1,0,0,1,0,0,0,1,1,1,1,1,1,0,0,0,0,0,0,0,0,1,0,1,0,1
31982,1,0,0,0,1,0,0,1,0,1,0,0,1,1,0,0,0,1,1,1,0,0,0,0,1,1,0,0,1,1,1,0,1,1,0,0,1,1,0,0,0,1,0,1,1,1,0,1,0,0,0,1,0,1,0,0,0,0,1,0
31983,0,0,0,1,1,1,1,1,1,1,0,1,1,1,0,0,0,1,1,0,0,0,0,0,0,0,1,0,0,0,0,0,0,0,1,1,0,0,0,1,0,1,0,1,1,0,1,0,0,0,0,0,0,1,1,0,0,0,0,1
31984,0,1,1,1,1,0,0,0,1,1,0,0,1,1,0,1,1,1,0,0,1,1,1,0,0,1,1,0,1,1,1,0,1,0,1,0,1,1,1,1,0,1,0,0,0,1,1,0,0,0,1,1,0,0,0,0,0,1,0,1
31985,0,1,1,1,1,0,0,0,1,1,0,0,1,1,0,1,1,1,0,0,1,1,1,0,0,1,1,0,1,1,1,0,1,0,1,0,1,1,1,1,0,1,0,0,0,1,1,0,0,0,1,1,0,0,0,0,0,1,0,1
31986,0,1,0,0,1,0,0,0,0,1,0,0,0,1,0,1,1,1,1,0,1,0,0,0,0,0,1,0,1,1,1,0,1,0,0,1,1,1,0,0,0,1,1,1,1,1,1,0,0,0,0,1,0,1,0,1,0,1,1,0
31987,0,1,1,1,1,0,0,0,1,1,0,0,1,1,0,1,1,0,0,0,1,1,1,0,0,0,1,0,1,1,1,0,1,0,1,0,1,1,0,1,0,1,0,0,0,1,1,0,0,0,1,1,0,0,0,0,0,1,0,1
31988,1,0,0,1,0,0,0,1,1,0,0,1,1,0,0,0,1,0,0,1,0,0,0,0,0,0,1,0,1,1,0,1,0,0,1,0,0,1,0,1,0,1,0,0,0,1,1,0,0,0,0,0,0,0,0,0,0,1,0,1
31989,0,1,1,1,1,0,0,0,1,1,0,0,1,1,0,1,1,1,0,0,1,1,1,0,0,1,1,0,0,1,1,0,1,0,1,0,1,1,1,1,0,1,0,0,0,1,1,0,0,0,1,1,0,0,0,0,0,1,0,1
31990,1,1,1,1,1,0,0,0,1,1,0,1,0,1,0,1,0,1,0,0,1,1,0,0,0,0,1,0,1,1,1,0,1,0,1,0,1,1,0,1,1,1,0,0,0,1,1,0,0,0,1,1,0,0,0,0,0,1,0,1
31991,1,1,0,1,1,0,1,0,1,1,0,0,1,0,0,1,1,1,0,0,1,0,0,0,0,1,1,1,1,1,1,1,0,0,0,1,1,1,1,1,1,1,1,1,1,1,1,0,0,1,1,1,0,0,0,1,1,1,1,1
31992,1,0,0,1,0,0,0,1,1,0,0,0,1,0,0,0,1,1,0,1,0,0,0,0,0,0,1,0,1,1,0,1,0,0,1,0,0,1,0,1,0,1,0,0,0,1,1,0,0,0,0,0,0,0,0,0,0,1,0,1
31993,0,1,1,1,1,0,0,0,1,1,0,0,1,1,0,1,1,0,0,0,1,1,1,0,0,1,1,0,0,1,1,0,1,0,1,0,1,1,0,1,1,1,0,0,0,1,1,0,0,0,1,1,0,0,0,0,0,1,0,1
31994,1,0,0,1,0,0,0,1,1,0,0,0,1,0,0,0,1,0,0,1,0,0,0,0,0,0,1,0,1,1,0,1,0,0,1,0,0,1,0,1,0,1,0,0,0,1,1,0,0,0,0,0,0,0,0,0,0,1,0,1
31995,1,0,0,1,0,0,0,1,1,0,0,1,1,1,0,0,1,0,0,1,0,0,0,0,0,0,1,0,0,1,0,0,0,0,1,0,0,1,0,1,0,1,0,0,0,1,1,0,0,0,0,0,0,0,0,0,0,1,0,1
31996,1,0,0,1,1,0,0,0,1,1,0,0,0,1,0,0,0,1,1,1,0,0,0,0,0,0,0,0,1,1,1,0,0,0,0,0,1,1,0,0,0,0,0,1,1,1,0,0,0,0,0,1,0,0,0,0,1,1,1,0
31997,1,0,0,1,1,0,0,0,1,1,0,0,1,1,0,0,0,1,1,1,0,0,0,0,0,0,0,0,1,1,1,0,0,0,0,0,1,1,0,0,0,0,0,1,1,1,0,1,0,0,0,1,0,0,0,0,1,1,1,0
31998,1,1,0,1,1,0,1,0,1,1,0,0,1,1,0,1,1,1,0,0,1,0,0,0,0,1,1,1,1,1,1,0,0,0,0,1,1,1,1,1,1,1,0,1,1,1,1,0,0,1,0,1,0,0,0,0,1,1,1,1
31999,1,0,0,0,1,0,0,1,0,1,0,0,0,0,0,0,0,0,1,0,0,0,0,0,1,0,1,0,0,1,0,0,0,0,0,1,0,1,0,0,0,1,0,1,1,1,1,0,0,0,0,0,0,0,0,0,0,0,1,1
32000,0,1,0,1,1,1,0,0,1,1,0,0,1,1,0,1,0,1,1,0,1,0,0,0,0,0,1,0,0,1,1,0,0,0,0,0,1,1,1,1,0,1,0,1,0,1,1,0,0,0,0,1,0,1,0,0,0,0,1,1
32001,1,1,1,1,1,0,0,1,1,1,0,0,1,1,0,1,0,0,1,0,1,1,1,0,0,0,1,0,1,1,1,0,0,1,1,0,1,1,0,0,0,1,1,1,1,1,1,1,0,0,0,1,0,1,0,1,0,0,0,0
32002,1,0,0,1,1,0,0,0,1,1,0,0,0,0,0,0,0,1,1,0,0,0,0,0,0,0,1,0,1,1,1,1,0,0,0,0,1,1,0,1,0,0,0,1,1,1,1,0,0,0,0,1,0,0,0,0,1,1,1,1
32007,0,0,0,0,1,0,0,1,0,1,0,0,0,0,0,0,0,0,1,0,0,0,0,0,1,0,1,0,1,1,0,0,0,0,0,1,0,1,0,0,0,1,0,1,1,1,1,0,0,1,0,0,0,0,0,0,0,0,1,0
32008,0,1,1,1,0,0,0,0,1,0,0,0,1,1,0,1,1,0,0,0,1,1,1,0,0,1,1,0,1,1,0,0,0,0,1,0,0,1,1,1,0,1,0,0,0,1,1,0,0,0,1,0,0,0,0,0,0,1,0,1
32009,1,1,0,1,0,0,0,0,1,0,0,1,1,1,0,1,1,0,0,1,1,0,1,0,0,0,1,1,1,1,0,0,0,0,1,0,0,1,0,1,1,1,0,0,0,1,1,0,0,0,1,0,0,0,0,0,0,1,0,1
32010,0,0,0,1,0,0,0,1,1,0,0,0,0,0,0,0,0,1,0,0,0,0,0,0,0,1,1,0,1,1,0,1,1,0,0,0,0,1,1,1,1,1,1,1,1,1,1,0,0,0,0,0,0,0,0,1,0,1,1,0
32011,0,1,0,1,1,1,0,1,1,1,0,0,1,1,0,1,0,0,0,0,1,0,0,0,0,0,1,0,1,1,1,0,0,0,0,0,1,1,1,1,0,1,0,1,0,1,1,1,0,0,0,1,0,1,0,0,0,0,1,1
32074,0,1,0,1,0,0,0,1,1,0,0,0,1,1,0,1,0,0,1,1,1,0,0,0,1,1,0,0,1,1,0,0,0,0,0,0,0,1,0,0,0,1,1,1,1,1,0,0,1,0,0,0,0,1,0,1,0,1,1,0
32075,1,1,0,1,0,0,1,0,1,0,0,0,0,0,0,1,0,1,0,0,1,0,0,1,0,0,0,1,1,1,0,0,0,0,0,1,0,1,0,0,0,1,0,1,1,1,0,0,0,0,0,0,0,1,0,0,1,0,1,0
32076,0,1,0,1,0,0,0,1,1,0,0,0,0,0,0,1,0,1,1,0,1,0,0,0,0,0,1,0,1,1,0,1,0,0,0,1,0,1,1,1,0,1,1,1,1,1,1,0,0,0,0,0,0,1,0,1,0,0,1,1
46275,0,1,0,1,0,0,1,1,1,0,0,1,0,1,0,1,0,1,1,1,1,0,0,1,0,0,1,0,1,0,0,0,0,1,1,1,0,0,1,0,0,0,0,1,1,0,1,1,1,1,0,0,1,1,1,1,0,0,0,0
46276,1,1,0,0,0,0,0,1,0,0,0,0,1,1,0,1,1,0,1,0,1,0,0,0,0,0,1,0,1,0,0,0,0,0,0,1,0,0,0,0,0,0,0,1,1,0,1,0,0,1,0,0,1,1,1,1,0,1,1,0
46278,1,1,0,1,0,0,1,1,1,0,1,0,1,1,0,1,0,1,1,0,1,0,0,0,1,0,1,1,0,0,0,0,0,0,0,1,0,0,0,1,0,0,0,1,1,0,1,0,0,1,0,0,0,1,1,1,0,0,1,0
61332,1,1,0,1,0,0,1,1,1,0,0,1,0,0,0,1,0,1,1,0,1,0,0,1,0,0,0,1,1,0,0,0,0,0,1,1,0,0,1,1,0,1,0,1,1,0,0,0,0,1,0,0,0,1,1,0,1,0,0,0
61337,1,1,0,1,0,0,1,1,1,0,0,0,0,1,0,1,0,0,1,0,1,0,0,0,0,0,1,0,0,0,0,0,0,0,0,1,0,0,0,1,0,1,1,1,1,0,1,0,0,0,0,0,0,1,1,1,0,0,1,0
61338,0,1,0,0,0,0,0,0,0,0,0,0,1,0,0,1,0,0,0,1,1,0,0,0,0,0,0,0,0,0,0,0,0,0,0,0,0,0,0,1,0,0,1,1,1,0,0,0,0,0,0,0,0,1,1,1,0,0,1,0
61339,0,0,0,0,1,0,0,0,0,1,0,0,1,1,0,0,0,0,0,0,0,0,0,0,0,0,0,0,0,0,0,0,0,0,0,0,0,0,0,1,0,0,0,0,1,0,0,0,0,0,0,0,0,0,0,0,0,0,1,0
61340,1,1,0,1,1,0,0,1,1,1,0,1,0,0,0,1,1,0,1,0,1,0,0,0,1,0,0,0,0,0,0,1,0,0,1,0,0,0,0,1,0,1,1,0,1,0,0,0,0,0,0,0,0,0,1,1,0,1,0,1
61341,1,1,1,1,0,0,0,1,1,0,0,0,0,1,0,1,1,1,0,1,1,1,0,0,1,1,1,0,1,0,0,0,0,0,1,0,0,0,0,1,0,0,0,1,1,0,1,0,0,1,0,0,0,0,1,0,0,1,0,1
61342,0,1,0,1,0,0,1,0,1,0,0,0,0,0,0,1,0,1,0,1,1,0,0,0,0,0,0,1,0,0,0,0,0,0,0,1,0,0,0,1,0,0,0,0,1,0,0,0,0,1,0,0,0,0,1,0,1,0,0,0
61344,0,1,0,0,0,0,1,0,0,0,0,0,0,0,0,1,0,1,1,0,1,0,0,0,0,1,0,1,0,0,0,0,0,1,0,0,0,0,0,1,0,0,0,1,1,0,0,0,0,1,0,0,0,1,1,0,1,0,1,0
61345,0,0,0,1,0,0,1,1,1,0,0,0,0,0,0,0,0,1,1,0,0,0,0,0,0,0,0,1,1,0,0,0,0,1,1,0,0,0,0,1,0,1,0,1,1,0,0,0,0,1,0,0,0,1,1,0,1,0,0,0
61346,0,0,0,1,0,0,1,0,1,0,0,0,0,0,0,0,0,1,1,1,0,0,0,0,0,0,0,1,0,0,0,0,0,1,0,0,0,0,0,1,0,1,0,1,1,0,0,1,0,1,0,0,0,1,1,0,1,0,1,0
61347,1,1,0,0,1,0,0,1,0,1,0,0,0,1,0,1,0,0,1,0,1,0,0,0,0,0,1,0,0,0,0,0,0,0,0,1,0,0,0,0,0,0,0,1,1,0,1,0,1,1,0,0,0,1,1,0,0,0,1,0
61348,0,0,0,0,1,0,0,0,0,1,0,0,0,0,1,0,0,1,1,1,0,0,0,0,0,1,0,1,1,0,0,1,0,0,0,0,0,0,1,1,0,1,0,0,1,0,0,1,0,1,0,0,0,1,1,0,0,0,1,0
61353,1,1,0,1,1,0,1,1,1,1,0,1,0,1,1,1,1,1,1,1,1,0,0,0,0,1,1,1,0,0,0,0,0,0,1,1,0,0,0,1,0,0,0,0,1,0,1,1,0,1,1,0,1,1,1,1,1,1,0,0
61354,0,1,0,1,1,0,1,1,1,1,0,0,1,1,1,1,1,0,1,1,1,0,0,0,0,0,0,1,0,0,0,0,0,0,0,1,0,0,1,1,0,1,0,1,1,0,1,1,0,1,0,0,0,1,1,0,0,0,1,0
61379,0,0,0,1,0,0,1,0,1,0,0,0,0,0,0,0,0,1,1,1,0,0,0,0,0,0,0,1,1,0,0,0,0,1,0,0,0,0,0,1,0,1,0,1,1,0,1,0,0,1,0,0,0,1,1,0,1,0,0,0
61380,1,1,0,1,0,0,0,1,1,0,1,1,1,1,1,1,1,1,0,1,1,0,0,0,0,1,1,0,1,0,0,0,0,0,1,0,0,0,1,1,0,1,0,1,1,0,1,0,0,1,0,0,0,1,1,1,0,0,0,0
61381,1,1,0,0,1,0,1,0,0,1,0,0,0,1,0,1,0,1,0,1,1,0,0,0,0,0,0,1,1,0,0,0,0,0,0,0,0,0,0,0,0,1,0,1,1,0,0,0,0,0,0,0,0,1,1,0,0,0,1,0
61382,0,1,1,0,1,0,0,0,0,1,0,1,0,1,0,1,1,0,0,0,1,0,1,0,0,1,1,0,1,0,1,0,0,0,1,0,1,0,0,0,0,1,0,0,1,0,1,0,0,0,0,1,0,0,1,0,0,1,0,1
61383,1,1,0,1,1,0,0,0,1,1,0,1,0,1,0,1,1,1,0,0,1,0,0,0,1,0,1,0,1,0,1,0,0,0,1,0,1,0,0,1,0,0,0,0,1,0,1,1,0,0,1,1,0,0,1,0,0,1,0,1
