,0
0,group_1644
1,group_1929
2,group_2335
3,group_2779
4,group_473
5,group_1533
6,group_33
7,group_996
8,group_887
9,group_913
10,group_364
11,group_2005
12,group_3128
13,group_126
14,group_2576
15,pilE_4
16,group_1606
17,mafA1
18,group_514
19,group_949
20,group_2666
21,group_2532
22,group_461
23,group_2490
24,group_243
25,group_484
26,group_3816
27,group_3527
28,lagD_1
29,group_2516
30,group_1801
31,group_144
32,group_1537
33,group_633
34,group_618
35,group_2316
36,group_1451
37,group_969
38,group_2523
39,group_1859
40,group_53
41,group_2383
42,group_347
43,group_3062
44,group_1675
45,group_276
46,group_3530
47,group_2505
48,aidA-I
49,group_20
50,group_590
51,group_2569
52,group_183
53,group_1945
54,tufA
55,group_2040
56,group_412
57,group_1602
58,group_2011
59,group_926
60,pilE1_2
61,group_3125
62,group_454
63,group_1462
64,group_1610
65,group_98
66,piiC_1
67,group_1905
68,group_3216
69,group_545
70,group_914
71,group_625
72,cas1
73,group_529
74,comEA
75,nosD_2
76,pilE_6
77,group_31
78,group_1912
79,group_987
80,group_2432
81,group_223
82,copA_1
83,group_279
84,group_2410
85,group_108
86,group_3523
87,group_925
88,group_3687
89,group_224
90,group_1512
91,group_2447
92,group_1025
93,group_556
94,group_1135
95,group_3515
96,group_955
97,rusA
98,group_95
99,group_2317
100,group_1010
101,group_1758
102,group_2307
103,group_387
104,group_922
105,group_59
106,group_2836
107,group_1446
108,pilE1_6
109,group_48
110,group_3615
111,group_3078
112,group_481
113,group_1977
114,group_1877
115,group_1479
116,group_632
117,group_1530
118,group_1448
119,group_1125
120,group_2445
121,group_606
122,group_829
123,group_2456
124,group_1918
125,group_3526
126,group_1847
127,group_3804
128,group_1611
129,group_1607
130,group_978
131,group_2380
132,group_478
133,group_1403
134,group_2306
135,group_3159
136,group_2268
137,group_650
138,group_901
139,group_185
140,group_3019
141,group_2413
142,dnaC_1
143,group_459
144,group_1383
145,group_2283
146,group_2110
147,group_2418
148,group_12
149,rlmD
150,group_11
151,group_638
152,group_475
153,group_242
154,group_2847
155,group_1656
156,group_176
157,pilE_8
158,group_15
159,group_3080
160,group_3388
161,group_3815
162,group_1608
163,group_222
164,group_3524
165,group_899
166,group_2325
167,group_244
168,group_2510
169,group_121
170,group_1853
171,group_333
172,group_102
173,group_1441
174,group_2547
175,group_3525
176,group_1455
177,group_3805
178,group_1615
179,group_281
180,group_1907
181,group_8
182,group_3202
183,group_3522
184,fimA
185,group_619
186,rplP
187,group_451
188,group_38
189,group_2384
190,group_1405
191,group_2414
192,group_2142
193,group_42
194,group_1680
195,group_2266
196,group_2382
197,group_2722
198,group_3608
199,group_3228
200,group_938
201,group_1919
202,group_1492
203,group_2454
204,group_1598
205,group_93
206,group_1528
207,group_1923
208,group_1024
209,group_1526
210,mafA1_2
211,group_3151
212,group_74
213,group_636
214,aroG
215,group_90
216,group_646
217,group_3242
218,group_120
219,group_983
220,group_2082
221,group_1627
222,group_964
223,group_3591
224,group_3162
225,group_388
226,group_34
227,group_3306
228,group_453
229,group_181
230,tbpB_2
231,group_2099
232,group_1622
233,group_3516
234,group_50
235,group_1329
236,group_3727
237,group_2449
238,group_3548
239,group_2446
240,group_2631
241,group_1136
242,group_230
243,group_1659
244,group_192
245,group_1909
246,group_3390
247,group_2850
248,group_962
249,adhA
250,group_1452
251,group_2673
252,group_228
253,group_984
254,group_105
255,group_487
256,group_2411
257,group_557
258,group_1593
259,group_1494
260,group_344
261,group_2333
262,group_3614
263,group_1683
264,group_607
265,group_2570
266,group_2566
267,group_489
268,group_2577
269,group_360
270,group_27
271,group_764
272,group_3806
273,group_1858
274,group_1504
275,group_975
276,group_1737
277,group_2401
278,group_3551
279,group_910
280,group_2542
281,group_1086
282,group_2833
283,cycA
284,group_3783
285,group_2696
286,group_3888
287,group_516
288,group_738
289,group_915
290,group_3550
291,group_3540
292,group_3008
293,group_659
294,group_1278
295,group_3801
296,group_1472
297,group_3572
298,group_3183
299,group_1994
300,hprA
301,group_3305
302,group_1557
303,porB
304,group_3316
305,group_630
306,group_1522
307,group_2962
308,group_2708
309,group_3299
310,group_257
311,group_269
312,group_462
313,vapD_2
314,group_940
315,group_2140
316,mbeA
317,group_1705
318,group_310
319,group_623
320,group_2101
321,group_1885
322,group_3298
323,group_1710
324,group_2702
325,group_3304
326,group_1946
327,group_1916
328,group_2963
329,group_1635
330,group_3626
331,group_3297
332,group_1670
333,group_357
334,group_4109
335,group_1609
336,group_2565
337,lagD_2
338,group_321
339,group_1706
340,group_2883
341,group_1503
342,group_2651
343,group_2360
344,cdiA_1
345,group_1485
346,group_546
347,group_3627
348,group_3573
349,group_3549
350,group_1488
351,group_1122
352,moeB
353,group_1561
354,group_974
355,group_992
356,group_311
357,group_2701
358,group_1567
359,group_2851
360,ggt_2
361,group_3836
362,group_515
363,group_3598
364,ptlG
365,group_3605
366,group_1911
367,group_44
368,group_3574
369,group_1677
370,group_3837
371,group_132
372,group_1682
373,group_1866
374,group_182
375,group_142
376,gspA
377,group_2557
378,group_3628
379,group_2642
380,group_477
381,group_2744
382,pilE1_4
383,socA
384,group_2100
385,epsE
386,group_952
387,group_3597
388,group_1667
389,group_641
390,group_979
391,group_2520
392,group_911
393,group_2444
394,group_2661
395,group_1547
396,group_1612
397,group_78
398,group_1352
399,group_3606
400,group_3656
401,group_2312
402,group_141
403,rocG
404,group_1954
405,group_3093
406,group_1088
407,group_1614
408,group_3575
409,group_3802
410,group_3607
411,group_1482
412,group_2406
413,pilE_2
414,group_1496
415,group_2641
416,group_2513
417,group_2311
418,group_2553
419,group_1127
420,group_3803
421,group_474
422,group_3463
423,group_1599
424,group_3596
425,group_460
426,group_2249
427,group_111
428,group_3655
429,group_61
430,group_970
431,group_3654
432,group_1906
433,group_2507
434,group_2365
435,group_1553
436,group_479
437,group_1335
438,group_512
439,group_1852
440,mshD
441,group_1376
442,group_3029
443,dapA
444,group_3652
445,group_10
446,group_924
447,group_1497
448,group_2260
449,group_1676
450,group_919
451,group_2643
452,group_2887
453,group_2632
454,group_1969
455,traB
456,group_2139
457,group_3669
458,group_3432
459,group_2387
460,rnc
461,group_3667
462,group_361
463,group_1539
464,group_195
465,group_3665
466,group_2539
467,group_1548
468,group_613
469,group_3103
470,group_2961
471,group_1641
472,group_1501
473,group_133
474,group_990
475,group_3659
476,group_2534
477,group_1632
478,group_1915
479,tbpB_1
480,group_3326
481,group_2852
482,group_3257
483,group_3765
484,group_750
485,group_3504
486,cdiI4
487,pilY1_1
488,group_1982
489,group_343
490,group_3547
491,group_3348
492,group_3651
493,group_2800
494,group_3556
495,group_485
496,group_3431
497,group_3258
498,group_3670
499,group_1538
500,group_3061
501,group_3650
502,group_3503
503,group_2747
504,group_112
505,group_2568
506,group_900
507,group_91
508,group_3065
509,group_2997
510,group_3376
511,group_968
512,group_366
513,group_472
514,group_241
515,group_3102
516,group_2535
517,group_2992
518,group_76
519,group_3393
520,group_3347
521,group_2340
522,virB4
523,group_3653
524,group_355
525,group_2795
526,group_945
527,group_3505
528,group_1648
529,group_2525
530,mepH_2
531,group_3057
532,group_3325
533,group_3520
534,group_1623
535,group_3660
536,group_3346
537,group_1775
538,group_354
539,group_103
540,group_1633
541,efeB_1
542,group_2486
543,group_612
544,group_916
545,yigL
546,group_1163
547,group_3345
548,group_2287
549,group_3657
550,group_2339
551,group_3500
552,group_588
553,group_435
554,group_2265
555,group_1736
556,group_3795
557,group_3668
558,group_3154
559,group_3576
560,group_918
561,group_2544
562,group_3519
563,group_3499
564,group_2558
565,group_3324
566,group_976
567,group_1052
568,group_622
569,group_644
570,group_660
571,group_3666
572,group_3794
573,group_467
574,group_3521
575,group_2799
576,group_905
577,group_1011
578,group_3502
579,group_3553
580,group_995
581,group_2683
582,group_1187
583,group_1476
584,pilE_16
585,group_3809
586,group_463
587,group_434
588,cvaA_2
589,group_346
590,group_3822
591,group_3642
592,group_227
593,group_1051
594,group_3639
595,group_1735
596,leuC
597,group_1563
598,group_3799
599,group_2301
600,group_1566
601,group_1460
602,group_3518
603,group_1581
604,group_79
605,malP_3
606,group_1507
607,group_1531
608,group_1284
609,group_3025
610,group_116
611,pilE_1
612,group_1310
613,group_3552
614,group_1576
615,group_3833
616,piiC_5
617,group_1047
618,group_3798
619,group_3792
620,group_2511
621,group_1500
622,group_2357
623,group_3838
624,group_2783
625,group_4044
626,group_2004
627,group_991
628,group_3554
629,group_2896
630,group_3823
631,group_3536
632,group_3834
633,group_3793
634,group_153
635,group_2439
636,group_3517
637,group_3800
638,group_476
639,group_2704
640,group_3561
641,group_3824
642,group_2820
643,apxIB_2
644,group_3308
645,group_3797
646,group_3835
647,group_2319
648,group_2479
649,group_2946
650,group_2598
651,group_1601
652,group_1669
653,group_226
654,group_3140
655,group_3555
656,group_3819
657,group_349
658,group_985
659,group_3821
660,group_1458
661,group_455
662,group_352
663,group_70
664,group_3808
665,group_3149
666,group_2452
667,group_2386
668,group_1126
669,group_2044
670,group_1330
671,group_3610
672,group_2567
673,group_2914
674,group_3839
675,group_2658
676,group_1860
677,pilE_7
678,group_1689
679,group_2587
680,group_356
681,group_555
682,group_2724
683,group_789
684,group_621
685,group_581
686,group_1886
687,group_2581
688,group_2951
689,group_3840
690,group_270
691,group_651
692,group_2964
693,group_2514
694,group_2521
695,group_909
696,group_3095
697,group_1467
698,group_2431
699,traC_2
700,group_1449
701,group_2684
702,group_3818
703,group_3612
704,group_1876
705,group_3389
706,group_2913
707,group_3842
708,pilE1_1
709,group_3843
710,group_977
711,group_937
712,group_655
713,group_943
714,group_2517
715,group_2160
716,group_1546
717,group_2582
718,group_3817
719,group_1968
720,group_158
721,group_980
722,hpnE
723,rsmD
724,group_3249
725,group_3155
726,group_2727
727,group_1438
728,group_2589
729,group_2332
730,group_410
731,group_1651
732,group_1674
733,group_3841
734,group_3820
735,group_3430
736,group_1663
737,group_43
738,group_3374
739,group_1572
740,group_2849
741,group_2633
742,group_3168
743,group_2948
744,group_997
745,pilY1_2
746,group_1001
747,group_2433
748,group_2636
749,group_1856
750,group_2758
751,group_1257
752,group_3165
753,group_1573
754,group_2590
755,group_3377
756,group_2061
757,group_2518
758,group_3160
759,group_614
760,group_1914
761,ygaZ
762,group_51
763,group_1678
764,group_2723
765,group_3560
766,group_3167
767,group_2993
768,group_274
769,group_2757
770,group_2269
771,group_1540
772,group_3378
773,group_2898
774,group_946
775,group_2586
776,group_2131
777,group_2952
778,group_3611
779,group_363
780,group_2615
781,group_2784
782,group_1545
783,group_2591
784,group_3375
785,group_3107
786,group_1009
787,group_3169
788,group_3115
789,group_1762
790,group_965
791,pilE_3
792,group_3357
793,group_1616
794,group_2909
795,group_2310
796,group_3156
797,group_2338
798,group_2608
799,rnr
800,group_1809
801,group_1590
802,group_1432
803,group_1535
804,group_2910
805,group_3807
806,group_3164
807,group_1578
808,group_1953
809,group_3106
810,group_3396
811,group_3113
812,group_3161
813,group_2911
814,group_3153
815,yhdE
816,epsL_1
817,group_2755
818,group_3110
819,group_1502
820,group_1038
821,pilE_5
822,group_65
823,group_81
824,group_1649
825,group_3055
826,group_3391
827,group_1328
828,group_2908
829,group_2674
830,group_3105
831,group_2780
832,group_1474
833,group_2442
834,group_464
835,group_40
836,group_17
837,group_3392
838,group_3158
839,group_1580
840,group_929
841,group_3729
842,group_3124
843,group_3613
844,group_3111
845,group_994
846,group_2290
847,group_2781
848,group_2785
849,group_3152
850,group_1568
851,group_2537
852,group_639
853,group_2487
854,group_273
855,group_3041
856,group_2334
857,group_1461
858,group_3813
859,group_3166
860,group_3372
861,group_2778
862,group_3112
863,group_3609
864,group_3535
865,group_634
866,group_1691
867,pilE1
868,group_3009
869,group_2356
870,group_3157
871,group_2697
872,group_1655
873,group_45
874,group_1618
875,group_2519
876,group_3588
877,lex1
878,group_2737
879,pyrI
880,group_657
881,group_642
882,group_1478
883,group_3584
884,group_161
885,group_3037
886,group_3528
887,group_2358
888,group_2706
889,group_225
890,group_146
891,group_3587
892,pilE_13
893,group_3064
894,group_2640
895,group_1182
896,group_2627
897,group_959
898,group_956
899,group_1756
900,group_3116
901,group_2637
902,group_1584
903,group_3776
904,group_906
905,group_1625
906,group_3200
907,group_3373
908,group_3301
909,group_3038
910,group_3359
911,group_3585
912,group_1003
913,group_3844
914,group_3399
915,ybiT_2
916,group_3117
917,group_536
918,group_3777
919,group_77
920,group_3601
921,group_3778
922,group_2214
923,group_2720
924,group_3586
925,group_3199
926,group_3040
927,group_2458
928,group_3293
929,group_3358
930,group_3845
931,group_3602
932,group_931
933,group_2538
934,tetM
935,group_3418
936,group_3423
937,group_3108
938,group_2835
939,group_3371
940,xanQ_2
941,group_2698
942,group_1638
943,group_1686
944,group_3039
945,group_2052
946,group_2459
947,group_2610
948,group_2899
949,group_3109
950,group_3303
951,group_3846
952,group_3417
953,aroF
954,group_3603
955,group_2501
956,aplIM_2
957,group_3294
958,group_1471
959,group_1468
960,group_3537
961,group_2834
962,tnpR
963,group_3419
964,group_1505
965,group_96
966,prmC_2
967,group_2372
968,group_3583
969,group_2672
970,group_2729
971,pilE1_7
972,group_3728
973,group_3713
974,group_2550
975,group_2715
976,group_3035
977,group_549
978,group_2443
979,group_2797
980,group_2845
981,group_417
982,group_448
983,group_1484
984,group_3538
985,group_1475
986,group_3122
987,group_3582
988,group_3599
989,group_2555
990,group_2660
991,group_399
992,group_2646
993,group_3714
994,group_3730
995,group_3416
996,group_3224
997,group_3032
998,folP
999,group_2840
1000,group_1525
1001,parA_1
1002,speE_1
1003,group_3420
1004,group_2467
1005,group_513
1006,group_3410
1007,group_1466
1008,group_97
1009,group_1000
1010,group_3074
1011,group_300
1012,group_3123
1013,adhA_1
1014,group_2842
1015,group_3408
1016,group_2699
1017,group_2561
1018,group_2554
1019,group_942
1020,group_2846
1021,glcA
1022,group_2346
1023,group_3058
1024,group_3402
1025,group_754
1026,group_2491
1027,group_3076
1028,group_2994
1029,gatC
1030,group_3618
1031,group_1487
1032,group_960
1033,group_2541
1034,group_1440
1035,group_1285
1036,group_2991
1037,group_2257
1038,group_912
1039,group_362
1040,group_1764
1041,group_1763
1042,group_804
1043,group_2625
1044,group_3619
1045,group_1583
1046,group_2559
1047,group_2713
1048,group_3403
1049,group_3411
1050,group_1587
1051,group_278
1052,group_1277
1053,group_3577
1054,group_2990
1055,group_3620
1056,group_2560
1057,group_2336
1058,group_3564
1059,group_3404
1060,group_1558
1061,group_2436
1062,group_2295
1063,group_2996
1064,group_3059
1065,group_3617
1066,group_1854
1067,group_1481
1068,group_3401
1069,group_2998
1070,group_3566
1071,group_1529
1072,group_2177
1073,group_1948
1074,group_18
1075,group_439
1076,group_2469
1077,group_2464
1078,group_2789
1079,group_3624
1080,group_2995
1081,group_2721
1082,group_3738
1083,group_1004
1084,group_2314
1085,group_3671
1086,group_2571
1087,group_3621
1088,group_3563
1089,group_3785
1090,group_1640
1091,group_1679
1092,group_2503
1093,group_3786
1094,group_1483
1095,group_1259
1096,group_3250
1097,group_1517
1098,group_4114
1099,group_3616
1100,group_605
1101,group_3769
1102,group_3625
1103,group_957
1104,group_3788
1105,group_3133
1106,group_3562
1107,group_2549
1108,group_3000
1109,group_966
1110,group_971
1111,group_3768
1112,group_3789
1113,group_1286
1114,group_3130
1115,group_3623
1116,group_2502
1117,group_3826
1118,group_3782
1119,group_3781
1120,group_84
1121,group_640
1122,group_75
1123,group_348
1124,group_643
1125,group_3565
1126,group_2635
1127,group_1382
1128,group_3767
1129,group_958
1130,group_3790
1131,group_1469
1132,group_3780
1133,cstA_2
1134,group_3828
1135,group_3400
1136,group_3132
1137,group_3712
1138,group_1465
1139,group_1620
1140,group_3784
1141,group_628
1142,group_2463
1143,traI
1144,ybcO
1145,group_2634
1146,group_998
1147,group_3825
1148,group_437
1149,traL
1150,group_934
1151,group_1184
1152,group_1515
1153,ssbB
1154,group_3129
1155,group_3791
1156,group_3829
1157,group_2451
1158,group_3736
1159,group_1560
1160,group_125
1161,hin
1162,group_2473
1163,group_3787
1164,group_1681
1165,group_1631
1166,group_1005
1167,group_930
1168,traM
1169,group_2278
1170,group_3830
1171,group_2639
1172,group_3084
1173,group_1516
1174,group_2478
1175,group_483
1176,group_653
1177,group_3483
1178,group_963
1179,group_3427
1180,group_3831
1181,korB
1182,group_401
1183,group_2482
1184,group_3482
1185,group_1511
1186,group_3428
1187,traG
1188,group_3832
1189,group_3510
1190,group_3284
1191,group_972
1192,group_2647
1193,group_3081
1194,group_981
1195,group_280
1196,group_272
1197,group_3414
1198,group_3827
1199,cysNC
1200,group_993
1201,group_3350
1202,group_3509
1203,group_2621
1204,group_1121
1205,group_3426
1206,group_3481
1207,group_3317
1208,group_1864
1209,group_1591
1210,group_2628
1211,group_1936
1212,group_3415
1213,group_3334
1214,group_2831
1215,group_3075
1216,group_1621
1217,group_1603
1218,group_2271
1219,group_1208
1220,group_1947
1221,group_2476
1222,group_3508
1223,group_2252
1224,group_2270
1225,group_2470
1226,group_1518
1227,group_2678
1228,group_2629
1229,group_2880
1230,group_2667
1231,group_3512
1232,group_2649
1233,group_3333
1234,group_3082
1235,group_2599
1236,group_2593
1237,group_3704
1238,group_645
1239,group_1863
1240,group_2063
1241,group_2475
1242,group_2595
1243,group_3513
1244,group_1552
1245,group_2650
1246,group_3812
1247,group_2812
1248,group_2602
1249,group_3691
1250,group_1755
1251,group_1574
1252,mobA_2
1253,bla
1254,group_3690
1255,group_3462
1256,group_297
1257,group_55
1258,group_3692
1259,group_3083
1260,group_1456
1261,group_3507
1262,group_3567
1263,group_3811
1264,group_1604
1265,group_2668
1266,group_1685
1267,traJ
1268,group_3369
1269,group_3689
1270,group_2013
1271,group_3737
1272,group_2313
1273,nrdR
1274,group_166
1275,group_2604
1276,repE_2
1277,repE
1278,group_3514
1279,group_1596
1280,group_2837
1281,parA
1282,group_1845
1283,group_3589
1284,group_2296
1285,group_3318
1286,penA
1287,group_170
1288,group_1245
1289,group_3511
1290,group_2869
1291,group_999
1292,group_2882
1293,group_898
1294,group_3810
1295,group_1642
1296,group_3590
1297,group_2730
1298,group_2320
1299,group_3368
1300,group_2612
1301,group_3688
1302,group_1754
1303,group_798
1304,topB_2
1305,group_3506
1306,group_2263
1307,group_1629
1308,group_2870
1309,group_2262
1310,group_2282
1311,group_2448
1312,group_3285
1313,group_3568
1314,group_2261
1315,group_309
1316,group_3370
1317,group_2609
1318,group_1645
1319,group_1636
1320,group_2583
1321,group_2888
1322,group_2868
1323,group_2327
1324,group_3286
1325,group_443
1326,group_2294
1327,group_1666
1328,group_1626
1329,group_2466
1330,group_1506
1331,group_1753
1332,group_2361
1333,lpxD_1
1334,group_2731
1335,group_2832
1336,group_2889
1337,group_2725
1338,group_3283
1339,group_2280
1340,group_2533
1341,group_2871
1342,group_3593
1343,group_2585
1344,group_2308
1345,group_2638
1346,group_1594
1347,group_800
1348,group_2985
1349,piiC_2
1350,group_2890
1351,group_1690
1352,group_3197
1353,group_400
1354,group_2281
1355,group_2864
1356,group_1514
1357,group_3021
1358,group_3595
1359,group_2256
1360,group_2895
1361,group_2330
1362,group_2867
1363,group_3085
1364,group_3382
1365,group_3592
1366,group_1765
1367,group_967
1368,group_715
1369,trfA
1370,group_1605
1371,group_3086
1372,group_3020
1373,group_2300
1374,group_2692
1375,group_2865
1376,group_753
1377,group_2279
1378,group_2364
1379,group_1498
1380,group_3594
1381,group_2823
1382,group_3489
1383,group_1319
1384,group_2344
1385,group_3225
1386,group_2802
1387,group_2872
1388,group_3640
1389,group_3384
1390,group_3490
1391,group_2551
1392,group_3641
1393,group_2626
1394,group_47
1395,group_94
1396,group_246
1397,group_2321
1398,group_3385
1399,group_2611
1400,group_486
1401,group_2465
1402,group_2323
1403,group_3487
1404,group_537
1405,group_3386
1406,group_3638
1407,group_2254
1408,group_2801
1409,group_3226
1410,group_275
1411,group_3488
1412,group_2264
1413,group_951
1414,group_1565
1415,group_2726
1416,group_3579
1417,group_2274
1418,group_3634
1419,group_932
1420,group_3486
1421,group_711
1422,group_2267
1423,group_1865
1424,group_2900
1425,group_3227
1426,efeU_1
1427,group_341
1428,group_3119
1429,group_3635
1430,group_2342
1431,group_2309
1432,group_1473
1433,group_3491
1434,group_2404
1435,group_2902
1436,group_2277
1437,group_3578
1438,group_3229
1439,group_3644
1440,group_935
1441,group_2735
1442,group_2848
1443,group_2293
1444,group_2787
1445,group_3118
1446,group_2803
1447,group_3044
1448,topB
1449,group_1639
1450,group_2284
1451,group_2904
1452,group_3001
1453,group_3360
1454,group_2435
1455,group_3114
1456,group_3120
1457,group_3636
1458,group_2322
1459,group_3045
1460,group_3004
1461,parA_2
1462,group_2299
1463,group_2903
1464,group_3637
1465,group_2272
1466,group_2389
1467,group_2734
1468,group_3121
1469,group_3465
1470,group_1848
1471,dpnC
1472,group_2303
1473,group_3744
1474,group_3643
1475,group_2905
1476,group_2276
1477,group_2474
1478,group_2275
1479,group_620
1480,group_3361
1481,group_2305
1482,group_2947
1483,group_3645
1484,group_3757
1485,group_3743
1486,group_2901
1487,group_2285
1488,group_3131
1489,group_2945
1490,group_2351
1491,group_2373
1492,traC
1493,traH
1494,group_2251
1495,group_3648
1496,group_3026
1497,group_3363
1498,group_2707
1499,group_2855
1500,group_2680
1501,group_649
1502,group_1693
1503,group_2359
1504,group_3742
1505,group_2362
1506,group_2935
1507,group_3232
1508,group_3649
1509,group_2304
1510,group_3675
1511,group_2856
1512,group_1849
1513,group_204
1514,prlF
1515,group_2606
1516,group_2378
1517,group_3647
1518,group_2716
1519,group_3015
1520,group_2385
1521,group_1617
1522,group_2988
1523,group_3673
1524,epsD
1525,group_3646
1526,group_2607
1527,group_2250
1528,group_2854
1529,group_3255
1530,group_2987
1531,group_2371
1532,group_1846
1533,group_1188
1534,group_1862
1535,group_2717
1536,group_2381
1537,group_3674
1538,group_1444
1539,group_2286
1540,group_2986
1541,group_2367
1542,group_2790
1543,group_2601
1544,group_1571
1545,group_2392
1546,group_3484
1547,group_3479
1548,group_3672
1549,group_2328
1550,prtR
1551,group_2369
1552,group_988
1553,group_3478
1554,group_3501
1555,group_756
1556,group_2324
1557,group_1464
1558,group_2912
1559,group_2374
1560,group_3529
1561,mutL_2
1562,group_2728
1563,group_3750
1564,group_2376
1565,group_3353
1566,group_3476
1567,group_2255
1568,group_3498
1569,group_2258
1570,group_1181
1571,group_3497
1572,group_1844
1573,group_1851
1574,group_3354
1575,group_2259
1576,group_1192
1577,group_250
1578,group_1628
1579,group_350
1580,group_3475
1581,group_2457
1582,group_1786
1583,group_1668
1584,group_2809
1585,group_2438
1586,group_2397
1587,group_3351
1588,group_2355
1589,group_2969
1590,group_758
1591,group_1850
1592,group_2326
1593,group_2375
1594,group_3395
1595,group_1183
1596,group_3356
1597,group_2379
1598,group_2352
1599,group_3355
1600,group_1336
1601,group_2824
1602,group_2398
1603,group_2572
1604,group_2967
1605,group_2298
1606,group_3060
1607,group_3188
1608,group_2345
1609,group_609
1610,group_3352
1611,group_3751
1612,group_2302
1613,group_3394
1614,group_2331
1615,group_1191
1616,group_3570
1617,group_2337
1618,group_2390
1619,group_2354
1620,group_413
1621,group_2874
1622,group_2968
1623,group_3748
1624,group_2396
1625,group_2395
1626,group_1564
1627,group_3749
1628,group_928
1629,group_2552
1630,group_1396
1631,group_171
1632,group_2732
1633,group_2875
1634,yjjV
1635,group_2877
1636,group_1855
1637,group_2288
1638,group_3184
1639,group_2388
1640,group_3569
1641,group_196
1642,group_3571
1643,group_2878
1644,group_2253
1645,pilE_11
1646,group_2368
1647,pilE_9
1648,group_1577
1649,group_159
1650,group_3313
1651,dsbC_1
1652,group_2318
1653,group_2881
1654,ansA
1655,group_3409
1656,group_2767
1657,group_2104
1658,group_948
1659,group_2377
1660,group_2879
1661,group_2579
1662,group_2806
1663,group_2366
1664,group_751
1665,group_3310
1666,group_2297
1667,group_3322
1668,group_1684
1669,group_2350
1670,group_2876
1671,group_2353
1672,group_1555
1673,group_2343
1674,group_3533
1675,group_2662
1676,group_1687
1677,group_2349
1678,group_3311
1679,group_1688
1680,group_752
1681,group_3754
1682,group_2394
1683,vsr_2
1684,group_2817
1685,group_2363
1686,group_1646
1687,group_2347
1688,group_2663
1689,group_3309
1690,group_923
1691,group_3532
1692,group_2348
1693,group_2496
1694,group_2971
1695,group_3433
1696,group_1189
1697,group_2329
1698,group_3756
1699,group_2664
1700,group_3312
1701,group_3327
1702,group_2972
1703,group_3143
1704,group_757
1705,group_3531
1706,group_3753
1707,group_3023
1708,group_1454
1709,group_3018
1710,group_2973
1711,group_2588
1712,group_3341
1713,group_2341
1714,group_904
1715,group_1619
1716,doc
1717,group_1861
1718,group_156
1719,group_3534
1720,group_1337
1721,group_1190
1722,ybaQ
1723,group_1867
1724,group_147
1725,group_3142
1726,haeIIIM_3
1727,group_2894
1728,group_3340
1729,group_3022
1730,group_3755
1731,group_3473
1732,group_2977
1733,group_3145
1734,group_2891
1735,group_1673
1736,group_3343
1737,group_3307
1738,group_3723
1739,group_3779
1740,group_3091
1741,group_1893
1742,group_2897
1743,group_933
1744,group_3472
1745,group_2742
1746,dpnA_2
1747,group_2292
1748,group_3339
1749,group_3141
1750,group_2893
1751,group_3724
1752,group_2982
1753,group_3474
1754,group_1879
1755,group_2892
1756,group_3344
1757,group_2978
1758,group_3144
1759,group_1457
1760,group_3010
1761,group_2979
1762,group_2712
1763,group_2291
1764,group_3256
1765,vapD_1
1766,group_1186
1767,group_155
1768,group_1463
1769,group_1119
1770,group_2495
1771,group_3036
1772,group_3011
1773,group_3342
1774,group_3383
1775,group_491
1776,group_3012
1777,group_2403
1778,group_1549
1779,group_3457
1780,group_2714
1781,group_291
1782,group_2420
1783,group_2543
1784,group_3014
1785,group_2733
1786,group_3185
1787,group_3682
1788,group_2428
1789,group_2273
1790,group_3013
1791,group_2526
1792,pilE_14
1793,group_1554
1794,group_254
1795,group_2405
1796,group_1784
1797,group_282
1798,group_2468
1799,group_3137
1800,group_3542
1801,group_2415
1802,group_3444
1803,group_2424
1804,group_3134
1805,group_3544
1806,group_2709
1807,group_2429
1808,group_62
1809,group_1917
1810,group_2556
1811,group_3138
1812,group_3711
1813,group_1652
1814,group_1613
1815,group_1166
1816,group_3541
1817,group_989
1818,dam
1819,group_3135
1820,group_2426
1821,group_3441
1822,group_1653
1823,group_3710
1824,group_3539
1825,group_2421
1826,group_3136
1827,group_3442
1828,group_3413
1829,group_3477
1830,group_3063
1831,group_2416
1832,group_3543
1833,group_3027
1834,group_3412
1835,group_2613
1836,group_3443
1837,group_2422
1838,group_3545
1839,group_150
1840,group_3772
1841,group_2652
1842,group_3440
1843,group_2427
1844,group_799
1845,group_3460
1846,group_2653
1847,group_3773
1848,group_2425
1849,group_2793
1850,group_1445
1851,group_2450
1852,group_2423
1853,group_2654
1854,group_3774
1855,group_3446
1856,group_3469
1857,group_2493
1858,group_2419
1859,group_1569
1860,group_3726
1861,group_3220
1862,group_3775
1863,group_2655
1864,group_2409
1865,group_3171
1866,group_3468
1867,group_3447
1868,group_2492
1869,group_3720
1870,group_3725
1871,group_3214
1872,group_3219
1873,group_2494
1874,group_3170
1875,group_3717
1876,group_3321
1877,group_1650
1878,group_2440
1879,group_3716
1880,group_3320
1881,group_1654
1882,group_1752
1883,group_2455
1884,group_3721
1885,group_3319
1886,group_2966
1887,group_3722
1888,group_603
1889,group_3302
1890,group_3632
1891,group_3715
1892,group_3398
1893,group_3024
1894,group_3099
1895,nagZ
1896,group_2461
1897,group_458
1898,group_3719
1899,group_3631
1900,group_3429
1901,group_2989
1902,group_3100
1903,group_3718
1904,group_2769
1905,group_2412
1906,group_2033
1907,group_2794
1908,group_3630
1909,group_3097
1910,group_2768
1911,group_2796
1912,group_3629
1913,group_3098
1914,group_2770
1915,group_2798
1916,group_3243
1917,group_3292
1918,group_3633
1919,group_3094
1920,group_2791
1921,group_3241
1922,lex1_1
1923,group_124
1924,group_3096
1925,group_2665
1926,group_3244
1927,group_3101
1928,group_2531
1929,group_353
1930,group_1556
1931,group_1998
1932,group_3546
1933,group_3237
1934,group_2669
1935,yhaV
1936,group_2453
1937,group_3456
1938,group_2671
1939,group_3053
1940,group_3289
1941,dnaC_2
1942,group_2839
1943,group_3455
1944,group_2670
1945,group_2675
1946,group_3381
1947,group_3291
1948,group_3458
1949,group_2999
1950,group_2955
1951,group_2524
1952,group_2515
1953,group_3052
1954,group_3380
1955,group_3459
1956,group_714
1957,group_2958
1958,group_3452
1959,group_2481
1960,group_3684
1961,group_3451
1962,group_2522
1963,group_3054
1964,group_1130
1965,group_2932
1966,group_3847
1967,group_3683
1968,group_3332
1969,group_3453
1970,group_2843
1971,prtR_1
1972,group_3685
1973,group_535
1974,group_3331
1975,group_2644
1976,group_2844
1977,group_3686
1978,group_2933
1979,group_3330
1980,group_2853
1981,group_2527
1982,group_3177
1983,group_2810
1984,group_1495
1985,group_3329
1986,group_3175
1987,group_2370
1988,group_2925
1989,group_2528
1990,group_3176
1991,group_3238
1992,group_2743
1993,group_2402
1994,group_3034
1995,group_1585
1996,group_1570
1997,group_3028
1998,group_1600
1999,group_2981
2000,group_3449
2001,group_2939
2002,group_1592
2003,group_3031
2004,group_2970
2005,group_3448
2006,group_2980
2007,group_3288
2008,group_3033
2009,group_3450
2010,caiC
2011,group_2983
2012,group_2580
2013,group_3030
2014,group_3290
2015,group_2775
2016,virB8
2017,group_2984
2018,group_3379
2019,group_2530
2020,virD2
2021,group_961
2022,group_1665
2023,group_82
2024,group_3007
2025,group_3337
2026,group_2705
2027,group_2756
2028,group_3336
2029,group_637
2030,group_3006
2031,group_2765
2032,group_2919
2033,group_2884
2034,group_3335
2035,group_3005
2036,group_1541
2037,group_2766
2038,group_3186
2039,group_2885
2040,group_3338
2041,group_1523
2042,group_3758
2043,group_2886
2044,group_2916
2045,group_3759
2046,group_3139
2047,group_3761
2048,group_2924
2049,group_1771
2050,group_2859
2051,group_3559
2052,group_3760
2053,group_2805
2054,rsmJ
2055,group_3558
2056,group_2804
2057,group_3557
2058,xerC_3
2059,group_1542
2060,group_1534
2061,group_2950
2062,group_2857
2063,group_3747
2064,group_2460
2065,group_3746
2066,group_2937
2067,group_2529
2068,relE2
2069,group_3246
2070,group_3213
2071,pilE_10
2072,group_3245
2073,group_2774
2074,group_2499
2075,group_3212
2076,group_2915
2077,group_2773
2078,group_3247
2079,group_3215
2080,group_3696
2081,group_2772
2082,pilE1_8
2083,group_3697
2084,group_3211
2085,group_1524
2086,pezT
2087,group_2771
2088,group_3210
2089,group_3698
2090,group_2592
2091,group_2942
2092,group_3405
2093,group_2776
2094,group_3695
2095,group_3406
2096,group_3693
2097,group_3275
2098,group_3694
2099,group_3407
2100,group_2918
2101,group_2873
2102,group_3364
2103,group_572
2104,group_3365
2105,group_3349
2106,group_944
2107,group_2782
2108,group_2536
2109,pilE_12
2110,group_2921
2111,group_2540
2112,group_2703
2113,group_3067
2114,ssb_1
2115,group_1657
2116,group_3201
2117,group_2700
2118,group_2821
2119,group_3664
2120,group_1597
2121,group_3203
2122,group_3663
2123,group_2822
2124,virB9
2125,group_3204
2126,group_3661
2127,group_2825
2128,group_2694
2129,group_1586
2130,group_1582
2131,group_3205
2132,group_3662
2133,group_2929
2134,group_2748
2135,group_2807
2136,group_1387
2137,group_2956
2138,rfaE
2139,group_2808
2140,group_2752
2141,group_2957
2142,virB1
2143,group_3193
2144,group_1491
2145,group_2959
2146,group_3194
2147,group_3126
2148,group_3182
2149,group_2960
2150,group_2940
2151,group_3195
2152,group_3239
2153,group_3464
2154,group_3127
2155,group_3424
2156,group_3104
2157,group_2954
2158,group_3198
2159,group_2764
2160,group_3240
2161,group_2953
2162,group_3421
2163,group_3190
2164,virB5
2165,group_2761
2166,group_2814
2167,group_3196
2168,group_3422
2169,group_2762
2170,group_2813
2171,group_3189
2172,group_3425
2173,tbpB
2174,group_2818
2175,group_2760
2176,group_2926
2177,group_3192
2178,group_2815
2179,group_2763
2180,group_2819
2181,group_2936
2182,group_136
2183,group_2816
2184,group_2630
2185,group_3174
2186,group_2922
2187,comEA_3
2188,group_3172
2189,group_2792
2190,group_3173
2191,group_2938
2192,group_1662
2193,group_3461
2194,group_2826
2195,group_2941
2196,group_3467
2197,group_2863
2198,group_3752
2199,group_2829
2200,group_3295
2201,group_3466
2202,group_3088
2203,group_2862
2204,group_2827
2205,virD4
2206,group_2861
2207,group_3087
2208,group_2828
2209,group_2830
2210,group_2594
2211,group_3296
2212,group_2943
2213,group_2965
2214,bcr
2215,group_2462
2216,group_2930
2217,group_1658
2218,pilE1_5
2219,group_3300
2220,group_2688
2221,group_1559
2222,group_3221
2223,group_2617
2224,group_2745
2225,group_3222
2226,group_2616
2227,group_1550
2228,group_1671
2229,group_2690
2230,group_1477
2231,group_3362
2232,group_3434
2233,group_89
2234,group_3435
2235,group_3223
2236,group_2545
2237,group_2811
2238,group_1595
2239,group_2736
2240,group_3266
2241,group_2546
2242,group_2489
2243,group_3265
2244,group_2548
2245,group_1661
2246,group_3734
2247,group_3735
2248,group_193
2249,group_2693
2250,group_3732
2251,group_2
2252,group_3733
2253,group_2711
2254,group_3230
2255,group_1637
2256,group_2614
2257,group_3071
2258,group_3072
2259,group_3454
2260,group_3069
2261,group_3496
2262,group_2710
2263,group_2562
2264,group_1551
2265,group_1015
2266,group_3771
2267,group_3187
2268,group_3770
2269,group_3270
2270,group_3677
2271,group_2393
2272,group_1696
2273,group_3676
2274,group_3681
2275,group_3678
2276,group_3280
2277,group_3679
2278,group_3281
2279,group_3231
2280,group_3680
2281,group_3282
2282,group_3043
2283,group_2689
2284,group_2691
2285,group_2434
2286,group_2441
2287,group_3279
2288,group_3277
2289,group_3278
2290,group_3262
2291,group_3740
2292,group_3264
2293,group_3739
2294,group_3263
2295,group_3261
2296,group_3741
2297,group_2645
2298,group_2648
2299,group_2437
2300,group_1643
2301,group_3235
2302,group_3066
2303,group_3236
2304,group_1145
2305,group_3068
2306,group_3315
2307,group_2484
2308,group_2504
2309,group_2483
2310,group_2497
2311,group_2509
2312,group_2500
2313,group_2508
2314,pilE1_3
2315,group_2289
2316,group_3050
2317,cysI_2
2318,group_3048
2319,group_3051
2320,group_3314
2321,group_3049
2322,group_3259
2323,group_3260
2324,group_3397
2325,group_2488
2326,group_140
2327,group_3470
2328,group_3471
2329,ydiO
2330,group_1713
2331,group_488
2332,group_3089
2333,group_3267
2334,group_3003
2335,group_3090
2336,group_3269
2337,group_2659
2338,group_3092
2339,group_3271
2340,group_2656
2341,group_3272
2342,group_2657
2343,group_2685
2344,group_3268
2345,group_1450
2346,group_3251
2347,group_2603
2348,group_2600
2349,group_3016
2350,group_3017
2351,group_2838
2352,group_340
2353,group_3252
2354,group_3253
2355,group_2751
2356,group_2753
2357,group_2754
2358,group_2750
2359,group_2749
2360,group_2739
2361,group_2740
2362,group_2738
2363,group_2741
2364,group_3445
2365,group_3480
2366,group_3273
2367,group_3276
2368,group_433
2369,group_3274
2370,group_2596
2371,group_2597
2372,group_2786
2373,group_3764
2374,group_3762
2375,group_2399
2376,group_3763
2377,group_3766
2378,group_3731
2379,group_3206
2380,group_3494
2381,group_3493
2382,group_3495
2383,group_3492
2384,group_2391
2385,group_3287
2386,group_3147
2387,group_1647
2388,group_3148
2389,group_2315
2390,group_2563
2391,group_2564
2392,group_2573
2393,group_2574
2394,group_2575
2395,group_2578
2396,group_2860
2397,group_1802
2398,group_3047
2399,group_3046
2400,group_2718
2401,group_2719
2402,group_2620
2403,group_2906
2404,group_3179
2405,group_3180
2406,group_3181
2407,hemR
2408,group_3218
2409,group_1630
2410,group_3217
2411,group_3002
2412,group_1287
2413,group_3150
2414,group_3387
2415,group_2681
2416,group_2679
2417,group_2682
2418,group_2677
2419,group_2676
2420,group_3233
2421,group_3234
2422,group_939
2423,group_3209
2424,group_3208
2425,mccB
2426,group_1180
2427,group_2624
2428,group_2622
2429,group_2623
2430,group_2619
2431,group_2618
2432,group_1253
2433,group_1575
2434,group_3056
2435,group_3485
2436,group_3437
2437,group_3436
2438,group_3706
2439,group_3701
2440,group_3700
2441,group_3708
2442,group_3705
2443,group_3699
2444,group_3709
2445,group_3703
2446,group_3702
2447,group_3707
2448,group_2866
2449,group_1034
